cid,blend,nco_oh,mdi_fraction,eta80,eta120,ratio,unc_radius,domain_ratio,pareto5,property_score,robust_score
WO_INV_0424,PPG1000:50+PPG700:50,2.2,0.4006682548957911,3.0062379137,0.3438465965,8.742962542,0.0456,0.3625,True,0.0132610928825666,0.045357697144876
WO_INV_0408,PPG1000:40+PPG700:60,2.2,0.4090253646313501,2.860354897,0.3314407219,8.6300647682,0.0461451021,0.3795344417,True,0.0193240453935003,0.0543800107480414
WO_INV_0440,PPG1000:60+PPG700:40,2.2,0.3920713951353554,3.1606790359,0.3569506088,8.8546677274,0.0461646908,0.380146587,True,0.0086396832782762,0.0387997571388681
WO_INV_0423,PPG1000:50+PPG700:50,2.1,0.3895506329596874,3.0858565615,0.3578792423,8.6226195777,0.047,0.40625,True,0.0087539506859667,0.0383990596687099
WO_INV_0407,PPG1000:40+PPG700:60,2.1,0.3978297785217926,2.936109909,0.3449670744,8.5112757911,0.0475451021,0.4232844417,True,0.0138398882089112,0.0464826409137846
WO_INV_0425,PPG1000:50+PPG700:50,2.3,0.4113881674306357,2.9286735186,0.3303641786,8.8649850921,0.047,0.40625,False,0.0187020120683597,0.0560105557329925
WO_INV_0441,PPG1000:60+PPG700:40,2.3,0.4027158510253875,3.0791298823,0.3429543752,8.9782493087,0.0475646908,0.423896587,False,0.0130886378266082,0.0484406500233905
WO_INV_0406,PPG1000:40+PPG700:60,2.0,0.3862018168426221,3.013871253,0.3590454478,8.3941218912,0.0489451021,0.4670344417,True,0.0092895080204297,0.0393142955577234
WO_INV_0391,PPG1000:30+PPG700:70,2.1,0.4058873592138702,2.794117967,0.332700098,8.3983082165,0.0480719292,0.4397477878,True,0.0203643237240231,0.0559864915839535
WO_INV_0439,PPG1000:60+PPG700:40,2.1,0.381040656344488,3.2443879765,0.3715180395,8.7327871912,0.0475646908,0.423896587,True,0.005124505722782,0.0327210093809539
WO_INV_0422,PPG1000:50+PPG700:50,2.0,0.3780127507386098,3.1675838677,0.3724845713,8.5039330803,0.0484,0.45,True,0.0051805854683917,0.0321694466422315
WO_INV_0392,PPG1000:30+PPG700:70,2.2,0.417152615673349,2.7220265104,0.3196547406,8.5155205436,0.0466719292,0.3959977878,True,0.0268137328425626,0.0648114022786835
WO_INV_0390,PPG1000:30+PPG700:70,2.0,0.3941780510707903,2.8681187283,0.3462778466,8.2827092646,0.0494719292,0.4834977878,True,0.0148486915754338,0.047890605329336
WO_INV_0457,PPG1000:70+PPG700:30,2.3,0.3937841659455224,3.2386893901,0.3562824141,9.0902308441,0.0481504307,0.4422009604,False,0.0089388905256468,0.0422247751792864
WO_INV_0344,PPG1000:90+PPG400:10,2.2,0.38767981165031,3.2416745386,0.3638027387,8.910528134,0.047174832,0.4117135,True,0.0068777384423217,0.0366831092157506
WO_INV_0456,PPG1000:70+PPG700:30,2.2,0.3832243182315807,3.3244643943,0.3708225753,8.9651078871,0.0467504307,0.3984509604,True,0.0054985854119362,0.0336125902368642
WO_INV_0442,PPG1000:60+PPG700:40,2.4,0.412993965577966,2.9996847906,0.3295069418,9.103555676,0.0489646908,0.467646587,False,0.0184713693563807,0.0592671124083769
WO_INV_0409,PPG1000:40+PPG700:60,2.3,0.4198122512445027,2.7865544515,0.3184447453,8.7505116425,0.0475451021,0.4232844417,False,0.0257419795558811,0.0661370468288727
WO_INV_0345,PPG1000:90+PPG400:10,2.3,0.3982831514017369,3.1580356078,0.3495378293,9.03488934,0.048574832,0.4554635,False,0.0108231632922938,0.0458811988476521
WO_INV_0327,PPG1000:80+PPG400:20,2.1,0.4058873592138702,2.832487382,0.3348123874,8.4599240916,0.0487919292,0.4622477878,True,0.0187906125831165,0.0549304540712074
WO_INV_0328,PPG1000:80+PPG400:20,2.2,0.417152615673349,2.7594059504,0.3216842059,8.5779963705,0.0473919292,0.4184977878,True,0.0250482590051071,0.0636167077812629
WO_INV_0426,PPG1000:50+PPG700:50,2.4,0.4217313363788815,2.8531103741,0.3174104139,8.9887106694,0.0484,0.45,False,0.0250767082300698,0.0678489838153261
WO_INV_0458,PPG1000:70+PPG700:30,2.4,0.4039885088984515,3.1551274796,0.3423123808,9.2171000996,0.0495504307,0.4859509604,False,0.0133129726251111,0.0520225296280027
WO_INV_0326,PPG1000:80+PPG400:20,2.0,0.3941780510707903,2.9075043373,0.3484763401,8.3434770248,0.0501919292,0.5059977878,True,0.0134667431603512,0.0469732248449348
WO_INV_0389,PPG1000:30+PPG700:70,1.9,0.3819979080629188,2.9440793612,0.3604097136,8.1687014805,0.0508719292,0.5272477878,True,0.0102668364234133,0.0405237435538211
WO_INV_0405,PPG1000:40+PPG700:60,1.9,0.3741159387635034,3.0936920658,0.3736983705,8.2785805622,0.0503451021,0.5107844417,True,0.0056729048220774,0.0328749746700832
WO_INV_0664,PPG2000:20+PPG700:80,2.2,0.4062656782969325,3.0630398385,0.3436830639,8.9123967974,0.0483654941,0.4489216892,False,0.0129084098779928,0.0486004058575326
WO_INV_0346,PPG1000:90+PPG400:10,2.4,0.4085255132519858,3.0765546576,0.335832255,9.160986213,0.049974832,0.4992135,False,0.0157023651265998,0.056264857985834
WO_INV_0374,PPG1000:20+PPG700:80,2.0,0.4019496441600383,2.7289987988,0.3340837154,8.1686076654,0.049981667,0.4994270923,True,0.0218779412939417,0.0579236916315499
WO_INV_0375,PPG1000:20+PPG700:80,2.1,0.4137321518081966,2.6585874917,0.3209841056,8.2826141401,0.048581667,0.4556770923,True,0.0283522655476795,0.0669409428347985
WO_INV_0373,PPG1000:20+PPG700:80,1.9,0.3896838257059069,2.8012749128,0.3477179305,8.0561704387,0.051381667,0.5431770923,False,0.01633739400225,0.0518067213115521
WO_INV_0343,PPG1000:90+PPG400:10,2.1,0.3766960684325386,3.3275286029,0.3786498101,8.7878787043,0.048574832,0.4554635,True,0.0038660905773729,0.0310039122603082
WO_INV_0459,PPG1000:70+PPG700:30,2.5,0.4138550023812141,3.0737215625,0.3288901204,9.3457400261,0.0509504307,0.5297009604,False,0.0186208316961818,0.0630058535629544
WO_INV_0438,PPG1000:60+PPG700:40,2.0,0.3696022190001891,3.3303139048,0.3866799783,8.612584286,0.0489646908,0.467646587,True,0.0025431051573215,0.027371286094067
WO_INV_0443,PPG1000:60+PPG700:40,2.5,0.4229243309528961,2.9222894736,0.3165867898,9.2306109017,0.0503646908,0.511396587,False,0.0247878778761414,0.0712791443079698
WO_INV_0325,PPG1000:80+PPG400:20,1.9,0.3819979080629188,2.9845080776,0.3626979293,8.2286327997,0.0515919292,0.5497477878,True,0.0090766507197743,0.0397450200774446
WO_INV_0421,PPG1000:50+PPG700:50,1.9,0.3660303195999652,3.2514756792,0.387685955,8.3868802495,0.0498,0.49375,True,0.0025409972487003,0.0266688581002569
WO_INV_0473,PPG1000:80+PPG700:20,2.3,0.3845812998873784,3.4077112299,0.3703991177,9.2001062294,0.04875885,0.4612140638,False,0.0063006446588175,0.03740262758528
WO_INV_0474,PPG1000:80+PPG700:20,2.4,0.3947024357173986,3.3197883616,0.3558755605,9.3285089782,0.05015885,0.5049640638,False,0.0096495997388681,0.0461551854774308
WO_INV_0455,PPG1000:70+PPG700:30,2.1,0.3722900584868738,3.4125111049,0.3859561317,8.8417071916,0.0481504307,0.4422009604,True,0.0029920572923178,0.0284269274596659
WO_INV_0663,PPG2000:20+PPG700:80,2.1,0.3950951288522989,3.1441628557,0.3577090359,8.7897216464,0.0497654941,0.4926716892,False,0.0084783095186822,0.041564308571678
WO_INV_0393,PPG1000:30+PPG700:70,2.3,0.4279986100366224,2.6517950964,0.3071208989,8.6343687632,0.0480719292,0.4397477878,False,0.0341969189713327,0.0776573015013738
WO_INV_0665,PPG2000:20+PPG700:80,2.3,0.4170311436537281,2.9840098884,0.3302070583,9.0367840837,0.0497654941,0.4926716892,False,0.0182722871836578,0.0594726397132904
WO_INV_0376,PPG1000:20+PPG700:80,2.2,0.4250593626208094,2.5899928773,0.3083981388,8.3982117644,0.047181667,0.4119270923,True,0.0357603668003769,0.0766872185214869
WO_INV_0388,PPG1000:30+PPG700:70,1.8,0.3693179488958334,3.0220517721,0.3751183131,8.0562629625,0.0522719292,0.5709977878,False,0.006618758246461,0.0360926970922944
WO_INV_0410,PPG1000:40+PPG700:60,2.4,0.4302124168110128,2.7146581423,0.3059583483,8.8726395528,0.0489451021,0.4670344417,False,0.0330936906799169,0.0790796523852413
WO_INV_0472,PPG1000:80+PPG700:20,2.2,0.3741159387635035,3.4979626897,0.3855153924,9.0734708869,0.04735885,0.4174640638,True,0.003885466580987,0.0302945441552288
WO_INV_0475,PPG1000:80+PPG700:20,2.5,0.4044960547863629,3.2341340044,0.3419214802,9.4587038005,0.05155885,0.5487140638,False,0.0139323317931863,0.0560933128576734
WO_INV_0372,PPG1000:20+PPG700:80,1.8,0.3769043361227249,2.8754652221,0.3619085685,7.9452808601,0.052781667,0.5869270923,False,0.0117306236956909,0.0468483876809174
WO_INV_0584,PPG2000:60+PPG400:40,2.2,0.417152615673349,3.0209018476,0.3354872628,9.0045202393,0.0497919292,0.4934977878,False,0.0160014733430744,0.055704719795249
WO_INV_0329,PPG1000:80+PPG400:20,2.3,0.4279986100366224,2.6882101038,0.3090707877,8.6977165439,0.0487919292,0.4622477878,False,0.0322396824371068,0.0763351359030729
WO_INV_0347,PPG1000:90+PPG400:10,2.5,0.4184250222634171,2.9971760097,0.3226640839,9.2888429771,0.051374832,0.5429635,False,0.0215153439614029,0.0678340866529488
WO_INV_0427,PPG1000:50+PPG700:50,2.5,0.4317172793464748,2.7794968456,0.3049645736,9.1141630424,0.0498,0.49375,False,0.0323851813673327,0.080872981392253
WO_INV_0404,PPG1000:40+PPG700:60,1.8,0.3615445514212018,3.1756268913,0.3889492903,8.1646296079,0.0517451021,0.5545344417,True,0.0029900786128438,0.0271646782520949
WO_INV_0357,PPG1000:10+PPG700:90,1.9,0.3971809165562754,2.6631920751,0.3354789157,7.9384782492,0.0518753893,0.5586059162,False,0.0239880868042532,0.0651703514832522
WO_INV_0583,PPG2000:60+PPG400:40,2.1,0.4058873592138702,3.100908862,0.3491787577,8.8805770503,0.0511919292,0.5372477878,False,0.0110168291135696,0.0480929560696588
WO_INV_0358,PPG1000:10+PPG700:90,2.0,0.4095243718815505,2.5944786571,0.3223245992,8.0492728861,0.0504753893,0.5148559162,False,0.0304908072442125,0.0718220644229108
WO_INV_0647,PPG2000:10+PPG700:90,2.1,0.4124391048215981,2.7651759766,0.3275803813,8.4412136212,0.0508978506,0.5280578301,False,0.0227743289435511,0.0629500349879522
WO_INV_0460,PPG1000:70+PPG700:30,2.6,0.4234001516457601,2.9944160116,0.3159941543,9.4761753363,0.0523504307,0.5734509604,False,0.0248624677723131,0.075174747034988
WO_INV_0324,PPG1000:80+PPG400:20,1.8,0.3693179488958334,3.063551222,0.3774999126,8.115369354,0.0529919292,0.5934977878,False,0.005620335257959,0.0341371775927552
WO_INV_0662,PPG2000:20+PPG700:80,2.0,0.3834961930889923,3.2274343738,0.3723074186,8.6687350639,0.0511654941,0.5364216892,False,0.0049819861640085,0.0352572357770493
WO_INV_0356,PPG1000:10+PPG700:90,1.8,0.3843103814505031,2.7337253322,0.3491700699,7.8292086509,0.0532753893,0.6023559162,False,0.0184191433885115,0.0593824974423358
WO_INV_0646,PPG2000:10+PPG700:90,2.0,0.4006682548957911,2.8384102243,0.3409491903,8.3250240956,0.0522978506,0.5718078301,False,0.0168953844121702,0.0543518389219237
WO_INV_0648,PPG2000:10+PPG700:90,2.2,0.4237565025477165,2.6938312566,0.3147357708,8.5590247644,0.0494978506,0.4843078301,False,0.0295870504677061,0.0722772555254204
WO_INV_0666,PPG2000:20+PPG700:80,2.4,0.4274131672068069,2.9070190019,0.3172594543,9.1629074009,0.0511654941,0.5364216892,False,0.0245699415138052,0.0715304431331519
WO_INV_0342,PPG1000:90+PPG400:10,2.0,0.3653110769084302,3.4156564675,0.394102802,8.6669174891,0.049974832,0.4992135,True,0.0017882196957795,0.026053739762955
WO_INV_0444,PPG1000:60+PPG700:40,2.6,0.4325243021467605,2.8468910448,0.3041732442,9.3594393938,0.0517646908,0.555146587,False,0.0320381633851429,0.084476745718919
WO_INV_0371,PPG1000:20+PPG700:80,1.7,0.3635782178280834,2.9516204231,0.3766783373,7.8359176269,0.054181667,0.6306770923,False,0.0080576303969144,0.0427539129299722
WO_INV_0359,PPG1000:10+PPG700:90,2.1,0.4213724755566035,2.5275381243,0.3096860709,8.1616138459,0.0490753893,0.4711059162,True,0.0379273046500952,0.0794810228032628
WO_INV_0585,PPG2000:60+PPG400:40,2.3,0.4279986100366224,2.9429591061,0.322332619,9.1301932611,0.0511919292,0.5372477878,False,0.0219198945880404,0.0673429578420425
WO_INV_0490,PPG1000:90+PPG700:10,2.4,0.3851224221257547,3.4928198167,0.3701925309,9.4351439452,0.050791776,0.5247429986,False,0.0075205044398811,0.042063264053435
WO_INV_0437,PPG1000:60+PPG700:40,1.9,0.3577330545894789,3.4185155367,0.4024606876,8.4940359199,0.0503646908,0.511396587,True,0.0008954815747787,0.0227505872618181
WO_INV_0420,PPG1000:50+PPG700:50,1.8,0.3535771424877584,3.3375893216,0.403507719,8.2714385985,0.0512,0.5375,True,0.0008351860112308,0.0218972940125763
WO_INV_0387,PPG1000:30+PPG700:70,1.7,0.3561067639374715,3.1020892416,0.3904271818,7.9453721104,0.0536719292,0.6147477878,False,0.0039044570747001,0.0328275677785155
WO_INV_0681,PPG2000:30+PPG700:70,2.3,0.398283151401737,3.3864945217,0.36105212,9.3795170674,0.050254832,0.5079635,False,0.0087377881856026,0.044319462357792
WO_INV_0645,PPG2000:10+PPG700:90,1.9,0.3884161430616958,2.913584043,0.3548635907,8.2104338669,0.0536978506,0.6155578301,False,0.0119502168780373,0.0464826673372802
WO_INV_0454,PPG1000:70+PPG700:30,2.0,0.3609611144838163,3.5028896869,0.4017073002,8.7200050514,0.0495504307,0.4859509604,True,0.0014193061631902,0.024571588698084
WO_INV_0680,PPG2000:30+PPG700:70,2.2,0.3876798116503101,3.476184068,0.3757869365,9.2504122151,0.048854832,0.4642135,True,0.0057743935246414,0.0359715180127044
WO_INV_0355,PPG1000:10+PPG700:90,1.7,0.3708782696635928,2.806126626,0.3634199708,7.7214430997,0.0546753893,0.6461059162,False,0.0137839769347382,0.0544585022052894
WO_INV_0052,PPG700:100,1.8,0.3915424399148159,2.5888942856,0.3363999373,7.695882189,0.0530340721,0.5948147528,False,0.0272446618012431,0.073751910698072
WO_INV_0582,PPG2000:60+PPG400:40,2.0,0.3941780510707903,3.1830348206,0.3634290131,8.7583398839,0.0525919292,0.5809977878,False,0.0069659618693382,0.0412102168084004
WO_INV_0348,PPG1000:90+PPG400:10,2.6,0.4279986100366224,2.9198454221,0.3100122442,9.4184841945,0.052774832,0.5867135,False,0.0282620997782168,0.0805888848224861
WO_INV_0489,PPG1000:90+PPG700:10,2.3,0.375094712207681,3.5853253331,0.3853003747,9.3052734138,0.049391776,0.4809929986,False,0.0052082603903428,0.036600158395841
WO_INV_0053,PPG700:100,1.9,0.4044960547863629,2.5220978361,0.3232095071,7.8032909953,0.0516340721,0.5510647528,False,0.0338227451655971,0.0803916322680886
WO_INV_0471,PPG1000:80+PPG700:20,2.1,0.3632884876191446,3.5906044124,0.4012485741,8.9485786232,0.04875885,0.4612140638,True,0.0024040654790162,0.0282424183323682
WO_INV_0054,PPG700:100,2.0,0.4169096209912536,2.4570248117,0.310536281,7.9121988697,0.0502340721,0.5073147528,False,0.0413346055456076,0.0878952127210161
WO_INV_0323,PPG1000:80+PPG400:20,1.7,0.3561067639374715,3.1446877829,0.3929059763,8.0036649289,0.0543919292,0.6372477878,False,0.0030977967844952,0.0310098207985412
WO_INV_0661,PPG2000:20+PPG700:80,1.9,0.3714437465724041,3.3129112948,0.3875015725,8.5494138076,0.0525654941,0.5801716892,False,0.0024194398054454,0.0296791874679199
WO_INV_0488,PPG1000:90+PPG700:10,2.2,0.3647345066686995,3.68028081,0.4010247813,9.1771904921,0.047991776,0.4372429986,True,0.003829793328641,0.0321954755100515
WO_INV_0644,PPG2000:10+PPG700:90,1.8,0.3756526381017343,2.9907488011,0.3693458485,8.0974209213,0.0550978506,0.6593078301,False,0.0079388263384553,0.0406931260113533
WO_INV_0309,PPG1000:70+PPG400:30,1.9,0.4080874491602611,2.5773788533,0.3245685441,7.9409385168,0.0533080546,0.6033767068,False,0.0306215727626316,0.0764181377447002
WO_INV_0308,PPG1000:70+PPG400:30,1.8,0.3950951288522989,2.6456393918,0.3378144377,7.8316350541,0.0547080546,0.6471267068,False,0.0242291753782828,0.0698623682327055
WO_INV_0586,PPG2000:60+PPG400:40,2.4,0.4384483203989263,2.867027377,0.3096937763,9.2576202584,0.0525919292,0.5809977878,False,0.0287720927729507,0.080166765330478
WO_INV_0667,PPG2000:20+PPG700:80,2.5,0.4374318765162969,2.8320145688,0.3048195332,9.2907909784,0.0525654941,0.5801716892,False,0.0318013728018969,0.0847738160225137
WO_INV_0649,PPG2000:10+PPG700:90,2.3,0.4346461556291928,2.6243273125,0.3023948047,8.6784801576,0.0508978506,0.5280578301,False,0.0373335489711315,0.0858082412668927
WO_INV_0310,PPG1000:70+PPG400:30,2.0,0.4205333990062148,2.5108795151,0.3118420295,8.0517674908,0.0519080546,0.5596267068,False,0.0379477471100782,0.0838377660638605
WO_INV_0581,PPG2000:60+PPG400:40,1.9,0.3819979080629188,3.2673358425,0.3782608325,8.6377852574,0.0539919292,0.6247477878,False,0.0038488716039611,0.0350565019986025
WO_INV_0341,PPG1000:90+PPG400:10,1.9,0.3535024409323465,3.5061183527,0.4101864425,8.5476212509,0.051374832,0.5429635,True,0.0006441258000832,0.0225382531791743
WO_INV_0679,PPG2000:30+PPG700:70,2.1,0.3766960684325386,3.5682489952,0.3911230923,9.1230844332,0.050254832,0.5079635,False,0.0037447758440579,0.0333560788034201
WO_INV_0009,PPG1000:100,2.3,0.3653110769084302,3.7614674009,0.4005383162,9.3910301438,0.0493312658,0.4791020574,False,0.005536190225401,0.0380509625775142
WO_INV_0643,PPG2000:10+PPG700:90,1.7,0.3623450398813324,3.0699572278,0.3844191386,7.9859635483,0.0564978506,0.7030578301,False,0.0048612127631881,0.0370369829552689
WO_INV_0470,PPG1000:80+PPG700:20,2.0,0.352079823765712,3.685699703,0.417623839,8.8254054456,0.05015885,0.5049640638,True,0.0018564413712887,0.0270464637338635
WO_INV_0660,PPG2000:20+PPG700:80,1.8,0.3589106609951629,3.4006520275,0.4033158117,8.4317349549,0.0539654941,0.6239216892,True,0.0007906704211501,0.0248301635979896
WO_INV_0565,PPG2000:50+PPG400:50,1.9,0.4163012469264612,2.678912366,0.3260566272,8.2160954349,0.0562408357,0.6950261148,False,0.0259522776763886,0.0712834273370512
WO_INV_0566,PPG2000:50+PPG400:50,2.0,0.428816221619306,2.6097933464,0.313271764,8.3307646802,0.0548408357,0.6512761148,False,0.0330065360758694,0.0812195454571565
WO_INV_0008,PPG1000:100,2.2,0.3550675566734385,3.8610879089,0.4168845949,9.2617668191,0.0479312658,0.4353520574,True,0.0051679137871037,0.0346262058956018
WO_INV_0580,PPG2000:60+PPG400:40,1.8,0.3693179488958334,3.3538695331,0.3936979499,8.5188900112,0.0553919292,0.6684977878,False,0.0016655583283342,0.0296318116587664
WO_INV_0564,PPG2000:50+PPG400:50,1.8,0.4032255658167605,2.7498619669,0.3393632506,8.1030045603,0.0576408357,0.7387761148,False,0.0198317962526839,0.0633512287461179
WO_INV_0487,PPG1000:90+PPG700:10,2.1,0.3540249895432795,3.7777511334,0.4173909131,9.0508705744,0.049391776,0.4809929986,True,0.003385103254985,0.0312092997918839
WO_INV_0567,PPG2000:50+PPG400:50,2.1,0.4408057988438659,2.5424576771,0.3009882024,8.4470343252,0.0534408357,0.6075261148,False,0.0409945714791554,0.0918846880664573
WO_INV_0678,PPG2000:30+PPG700:70,2.0,0.3653110769084303,3.6627522142,0.4070851285,8.9975092613,0.051654832,0.5517135,False,0.0026489351496387,0.0316534668422102
WO_INV_0563,PPG2000:50+PPG400:50,1.7,0.3895506329596874,2.822690631,0.3532129275,7.991470331,0.0590408357,0.7825261148,False,0.0146450918398453,0.0577472440762677
WO_INV_0579,PPG2000:60+PPG400:40,1.7,0.3561067639374715,3.4426950235,0.4097650681,8.4016313049,0.0567919292,0.7122477878,True,0.000416022035072,0.0249361457691009
WO_INV_0677,PPG2000:30+PPG700:70,1.9,0.3535024409323465,3.7597583018,0.4236985878,8.8736625753,0.053054832,0.5954635,True,0.0024868714413723,0.030807026077419
WO_INV_0599,PPG2000:70+PPG400:30,2.1,0.3663175604493442,3.8817579476,0.4138945362,9.3786160676,0.0516734153,0.5522942273,False,0.0060725367812976,0.0406790953100625
WO_INV_0695,PPG2000:40+PPG700:60,2.1,0.3571426275509385,4.0573400944,0.4291450315,9.4544729559,0.0515779558,0.54931112,True,0.0086184752291581,0.0452391780464658
WO_INV_0598,PPG2000:70+PPG400:30,2.0,0.3550675566734384,3.9845642882,0.4307858927,9.2495236171,0.0530734153,0.5960442273,False,0.0065165204222797,0.0419961733902079
