cid,blend,nco_oh,mdi_fraction,property_score,robust_score,state_score,state_robust_score,state_nominal_rank,state_robust_rank
WO_INV_0404,PPG1000:40+PPG700:60,1.8,0.3615445514212018,0.0029900786128438,0.0271646782520949,0.06294384328987566,2.8138813982699404,3.0,1.0
WO_INV_0420,PPG1000:50+PPG700:50,1.8,0.3535771424877584,0.0008351860112308,0.0218972940125763,0.0296052902362938,2.915694971522839,1.0,2.0
WO_INV_0389,PPG1000:30+PPG700:70,1.9,0.3819979080629188,0.0102668364234133,0.0405237435538211,0.22163595210102374,3.0424447476731444,23.0,3.0
WO_INV_0405,PPG1000:40+PPG700:60,1.9,0.3741159387635034,0.0056729048220774,0.0328749746700832,0.1438268424170716,3.1059817045756777,14.0,4.0
WO_INV_0324,PPG1000:80+PPG400:20,1.8,0.3693179488958334,0.005620335257959,0.0341371775927552,0.11455567384693621,3.131511075598551,11.0,5.0
WO_INV_0421,PPG1000:50+PPG700:50,1.9,0.3660303195999652,0.0025409972487003,0.0266688581002569,0.10146682643975036,3.1911930672170756,9.0,6.0
WO_INV_0388,PPG1000:30+PPG700:70,1.8,0.3693179488958334,0.006618758246461,0.0360926970922944,0.1325239361313677,3.2362250582269856,13.0,7.0
WO_INV_0325,PPG1000:80+PPG400:20,1.9,0.3819979080629188,0.0090766507197743,0.0397450200774446,0.20814373206213668,3.2407717210382456,20.0,8.0
WO_INV_0374,PPG1000:20+PPG700:80,2.0,0.4019496441600383,0.0218779412939417,0.0579236916315499,0.4755416734064994,3.349671324923384,48.0,9.0
WO_INV_0390,PPG1000:30+PPG700:70,2.0,0.3941780510707903,0.0148486915754338,0.047890605329336,0.35386886531158224,3.3777404331765704,37.0,10.0
WO_INV_0406,PPG1000:40+PPG700:60,2.0,0.3862018168426221,0.0092895080204297,0.0393142955577234,0.26783073926033185,3.425316390583361,27.0,11.0
WO_INV_0437,PPG1000:60+PPG700:40,1.9,0.3577330545894789,0.0008954815747787,0.0227505872618181,0.09444469324867481,3.4267075568058054,7.0,12.0
WO_INV_0323,PPG1000:80+PPG400:20,1.7,0.3561067639374715,0.0030977967844952,0.0310098207985412,0.06408851326052359,3.447780880403286,4.0,13.0
WO_INV_0373,PPG1000:20+PPG700:80,1.9,0.3896838257059069,0.01633739400225,0.0518067213115521,0.335924410489223,3.492792953891347,33.0,14.0
WO_INV_0422,PPG1000:50+PPG700:50,2.0,0.3780127507386098,0.0051805854683917,0.0321694466422315,0.21644926002146658,3.4939255417684993,21.0,15.0
WO_INV_0644,PPG2000:10+PPG700:90,1.8,0.3756526381017343,0.0079388263384553,0.0406931260113533,0.16211929928500424,3.503960188384009,15.0,16.0
WO_INV_0645,PPG2000:10+PPG700:90,1.9,0.3884161430616958,0.0119502168780373,0.0464826673372802,0.26761902784827923,3.5298802723369915,26.0,17.0
WO_INV_0387,PPG1000:30+PPG700:70,1.7,0.3561067639374715,0.0039044570747001,0.0328275677785155,0.0865328184738118,3.5565925769672253,6.0,18.0
WO_INV_0326,PPG1000:80+PPG400:20,2.0,0.3941780510707903,0.0134667431603512,0.0469732248449348,0.34485268761666127,3.579963985535565,34.0,19.0
WO_INV_0341,PPG1000:90+PPG400:10,1.9,0.3535024409323465,0.0006441258000832,0.0225382531791743,0.10443796015078996,3.6432120434769333,10.0,20.0
WO_INV_0660,PPG2000:20+PPG700:80,1.8,0.3589106609951629,0.0007906704211501,0.0248301635979896,0.06919958955384195,3.66370210016102,5.0,21.0
WO_INV_0438,PPG1000:60+PPG700:40,2.0,0.3696022190001891,0.0025431051573215,0.027371286094067,0.19961090272675172,3.71705974926323,18.0,22.0
WO_INV_0375,PPG1000:20+PPG700:80,2.1,0.4137321518081966,0.0283522655476795,0.0669409428347985,0.6582798329285504,3.727544885174124,68.0,23.0
WO_INV_0359,PPG1000:10+PPG700:90,2.1,0.4213724755566035,0.0379273046500952,0.0794810228032628,0.8250610440412031,3.730733984996293,84.0,24.0
WO_INV_0391,PPG1000:30+PPG700:70,2.1,0.4058873592138702,0.0203643237240231,0.0559864915839535,0.5292226765013495,3.7402704985828,53.0,25.0
WO_INV_0372,PPG1000:20+PPG700:80,1.8,0.3769043361227249,0.0117306236956909,0.0468483876809174,0.2394280451292759,3.7608461653557788,24.0,26.0
WO_INV_0407,PPG1000:40+PPG700:60,2.1,0.3978297785217926,0.0138398882089112,0.0464826409137846,0.4349555338872205,3.7718854560789112,46.0,27.0
WO_INV_0423,PPG1000:50+PPG700:50,2.1,0.3895506329596874,0.0087539506859667,0.0383990596687099,0.37455259180435513,3.8238923969513143,39.0,28.0
WO_INV_0643,PPG2000:10+PPG700:90,1.7,0.3623450398813324,0.0048612127631881,0.0370369829552689,0.09974046745350032,3.8246401513299118,8.0,29.0
WO_INV_0358,PPG1000:10+PPG700:90,2.0,0.4095243718815505,0.0304908072442125,0.0718220644229108,0.6359548665425516,3.857345740761442,66.0,30.0
WO_INV_0579,PPG2000:60+PPG400:40,1.7,0.3561067639374715,0.000416022035072,0.0249361457691009,0.048219650631743535,3.8692948467138573,2.0,31.0
WO_INV_0646,PPG2000:10+PPG700:90,2.0,0.4006682548957911,0.0168953844121702,0.0543518389219237,0.4162396542810438,3.8901731230054626,42.0,32.0
WO_INV_0342,PPG1000:90+PPG400:10,2.0,0.3653110769084302,0.0017882196957795,0.026053739762955,0.20441705530606757,3.9303021054071765,19.0,33.0
WO_INV_0327,PPG1000:80+PPG400:20,2.1,0.4058873592138702,0.0187906125831165,0.0549304540712074,0.5246825405405495,3.9463906290440196,52.0,34.0
WO_INV_0661,PPG2000:20+PPG700:80,1.9,0.3714437465724041,0.0024194398054454,0.0296791874679199,0.16419926859531886,3.9636952010098803,16.0,35.0
WO_INV_0454,PPG1000:70+PPG700:30,2.0,0.3609611144838163,0.0014193061631902,0.024571588698084,0.21749853504553854,3.974912744534392,22.0,36.0
WO_INV_0439,PPG1000:60+PPG700:40,2.1,0.381040656344488,0.005124505722782,0.0327210093809539,0.3478980096508658,4.03464632060393,36.0,37.0
WO_INV_0357,PPG1000:10+PPG700:90,1.9,0.3971809165562754,0.0239880868042532,0.0651703514832522,0.489969585751966,4.074461521958662,50.0,38.0
WO_INV_0371,PPG1000:20+PPG700:80,1.7,0.3635782178280834,0.0080576303969144,0.0427539129299722,0.18605257825826724,4.086796156842597,17.0,39.0
WO_INV_0392,PPG1000:30+PPG700:70,2.2,0.417152615673349,0.0268137328425626,0.0648114022786835,0.747697384517242,4.1300349422458815,74.0,40.0
WO_INV_0376,PPG1000:20+PPG700:80,2.2,0.4250593626208094,0.0357603668003769,0.0766872185214869,0.8841388906496912,4.132652825833228,90.0,41.0
WO_INV_0408,PPG1000:40+PPG700:60,2.2,0.4090253646313501,0.0193240453935003,0.0543800107480414,0.6452012264930788,4.145688901690262,67.0,42.0
WO_INV_0580,PPG2000:60+PPG400:40,1.8,0.3693179488958334,0.0016655583283342,0.0296318116587664,0.12840067987659892,4.169561379985867,12.0,43.0
WO_INV_0424,PPG1000:50+PPG700:50,2.2,0.4006682548957911,0.0132610928825666,0.045357697144876,0.5757768207686523,4.181093630536303,58.0,44.0
WO_INV_0564,PPG2000:50+PPG400:50,1.8,0.4032255658167605,0.0198317962526839,0.0633512287461179,0.4168147597069983,4.224102983033765,43.0,45.0
WO_INV_0310,PPG1000:70+PPG400:30,2.0,0.4205333990062148,0.0379477471100782,0.0838377660638605,0.7959948396309304,4.239194342365966,80.0,46.0
WO_INV_0343,PPG1000:90+PPG400:10,2.1,0.3766960684325386,0.0038660905773729,0.0310039122603082,0.34751704805692485,4.244626546622107,35.0,47.0
WO_INV_0470,PPG1000:80+PPG700:20,2.0,0.352079823765712,0.0018564413712887,0.0270464637338635,0.2699869681884911,4.265991400736785,28.0,48.0
WO_INV_0647,PPG2000:10+PPG700:90,2.1,0.4124391048215981,0.0227743289435511,0.0629500349879522,0.6079811788550458,4.277700354127396,62.0,49.0
WO_INV_0455,PPG1000:70+PPG700:30,2.1,0.3722900584868738,0.0029920572923178,0.0284269274596659,0.3551298830017996,4.279575769178406,38.0,50.0
WO_INV_0662,PPG2000:20+PPG700:80,2.0,0.3834961930889923,0.0049819861640085,0.0352572357770493,0.3023198446634382,4.290922679922174,30.0,51.0
WO_INV_0565,PPG2000:50+PPG400:50,1.9,0.4163012469264612,0.0259522776763886,0.0712834273370512,0.5795224509359256,4.330555310064842,59.0,52.0
WO_INV_0328,PPG1000:80+PPG400:20,2.2,0.417152615673349,0.0250482590051071,0.0636167077812629,0.7476332916377956,4.340051652899736,73.0,53.0
WO_INV_0356,PPG1000:10+PPG700:90,1.8,0.3843103814505031,0.0184191433885115,0.0593824974423358,0.3871052041677464,4.349474083960325,40.0,54.0
WO_INV_0440,PPG1000:60+PPG700:40,2.2,0.3920713951353554,0.0086396832782762,0.0387997571388681,0.5393060143189103,4.379467271575667,56.0,55.0
WO_INV_0309,PPG1000:70+PPG400:30,1.9,0.4080874491602611,0.0306215727626316,0.0764181377447002,0.6276203397903144,4.444997522916307,64.0,56.0
WO_INV_0054,PPG700:100,2.0,0.4169096209912536,0.0413346055456076,0.0878952127210161,0.8498292688660545,4.456872264395051,87.0,57.0
WO_INV_0581,PPG2000:60+PPG400:40,1.9,0.3819979080629188,0.0038488716039611,0.0350565019986025,0.25170260659342675,4.497062292231332,25.0,58.0
WO_INV_0563,PPG2000:50+PPG400:50,1.7,0.3895506329596874,0.0146450918398453,0.0577472440762677,0.29722796705199717,4.508553300065989,29.0,59.0
WO_INV_0471,PPG1000:80+PPG700:20,2.1,0.3632884876191446,0.0024040654790162,0.0282424183323682,0.3960230047573275,4.5571394982822815,41.0,60.0
WO_INV_0344,PPG1000:90+PPG400:10,2.2,0.38767981165031,0.0068777384423217,0.0366831092157506,0.5337379383086494,4.586185367055963,54.0,61.0
WO_INV_0456,PPG1000:70+PPG700:30,2.2,0.3832243182315807,0.0054985854119362,0.0336125902368642,0.5358821287284028,4.611473173588857,55.0,62.0
WO_INV_0663,PPG2000:20+PPG700:80,2.1,0.3950951288522989,0.0084783095186822,0.041564308571678,0.48356131881670206,4.645384539377243,49.0,63.0
WO_INV_0053,PPG700:100,1.9,0.4044960547863629,0.0338227451655971,0.0803916322680886,0.6994503563235984,4.679498123914931,71.0,64.0
WO_INV_0355,PPG1000:10+PPG700:90,1.7,0.3708782696635928,0.0137839769347382,0.0544585022052894,0.32736171920187934,4.682383422869718,32.0,65.0
WO_INV_0648,PPG2000:10+PPG700:90,2.2,0.4237565025477165,0.0295870504677061,0.0722772555254204,0.8428436011549166,4.6924619646630825,85.0,66.0
WO_INV_0308,PPG1000:70+PPG400:30,1.8,0.3950951288522989,0.0242291753782828,0.0698623682327055,0.5023667363373315,4.708697479918659,51.0,67.0
WO_INV_0566,PPG2000:50+PPG400:50,2.0,0.428816221619306,0.0330065360758694,0.0812195454571565,0.7853510392994296,4.754163193991435,79.0,68.0
WO_INV_0677,PPG2000:30+PPG700:70,1.9,0.3535024409323465,0.0024868714413723,0.030807026077419,0.3061761455486015,4.764354812696734,31.0,69.0
WO_INV_0582,PPG2000:60+PPG400:40,2.0,0.3941780510707903,0.0069659618693382,0.0412102168084004,0.4181254309920722,4.8517975837329965,44.0,70.0
WO_INV_0487,PPG1000:90+PPG700:10,2.1,0.3540249895432795,0.003385103254985,0.0312092997918839,0.4684607285316139,4.860496071768665,47.0,71.0
WO_INV_0472,PPG1000:80+PPG700:20,2.2,0.3741159387635035,0.003885466580987,0.0302945441552288,0.5651799392815037,4.8755219761688755,57.0,72.0
WO_INV_0393,PPG1000:30+PPG700:70,2.3,0.4279986100366224,0.0341969189713327,0.0776573015013738,1.0092929913722575,4.8942167465589765,94.0,73.0
WO_INV_0409,PPG1000:40+PPG700:60,2.3,0.4198122512445027,0.0257419795558811,0.0661370468288727,0.8985678163691108,4.901988569836977,91.0,74.0
WO_INV_0425,PPG1000:50+PPG700:50,2.3,0.4113881674306357,0.0187020120683597,0.0560105557329925,0.8201219474991746,4.9283113011125455,82.0,75.0
WO_INV_0052,PPG700:100,1.8,0.3915424399148159,0.0272446618012431,0.073751910698072,0.5921923424692954,4.960020763467055,60.0,76.0
WO_INV_0664,PPG2000:20+PPG700:80,2.2,0.4062656782969325,0.0129084098779928,0.0486004058575326,0.7079236913638813,5.027080779346992,72.0,77.0
WO_INV_0678,PPG2000:30+PPG700:70,2.0,0.3653110769084303,0.0026489351496387,0.0316534668422102,0.42907736634699273,5.06269147092428,45.0,78.0
WO_INV_0329,PPG1000:80+PPG400:20,2.3,0.4279986100366224,0.0322396824371068,0.0763351359030729,1.0137049413878865,5.119381977768524,95.0,79.0
WO_INV_0441,PPG1000:60+PPG700:40,2.3,0.4027158510253875,0.0130886378266082,0.0484406500233905,0.7738349168970187,5.127348654847538,77.0,80.0
WO_INV_0488,PPG1000:90+PPG700:10,2.2,0.3647345066686995,0.003829793328641,0.0321954755100515,0.6248618891063976,5.16469952166991,63.0,81.0
WO_INV_0567,PPG2000:50+PPG400:50,2.1,0.4408057988438659,0.0409945714791554,0.0918846880664573,1.0343005262748937,5.205005458956926,98.0,82.0
WO_INV_0583,PPG2000:60+PPG400:40,2.1,0.4058873592138702,0.0110168291135696,0.0480929560696588,0.6276691526749887,5.233767254158544,65.0,83.0
WO_INV_0008,PPG1000:100,2.2,0.3550675566734385,0.0051679137871037,0.0346262058956018,0.6975700216855791,5.33134586153379,70.0,84.0
WO_INV_0345,PPG1000:90+PPG400:10,2.3,0.3982831514017369,0.0108231632922938,0.0458811988476521,0.7630797260670114,5.34111488691611,76.0,85.0
WO_INV_0457,PPG1000:70+PPG700:30,2.3,0.3937841659455224,0.0089388905256468,0.0422247751792864,0.7597552724240892,5.359177531767909,75.0,86.0
WO_INV_0679,PPG2000:30+PPG700:70,2.1,0.3766960684325386,0.0037447758440579,0.0333560788034201,0.5950994846567073,5.388262507972849,61.0,87.0
WO_INV_0649,PPG2000:10+PPG700:90,2.3,0.4346461556291928,0.0373335489711315,0.0858082412668927,1.1208269208674178,5.504036008937552,104.0,88.0
WO_INV_0473,PPG1000:80+PPG700:20,2.3,0.3845812998873784,0.0063006446588175,0.03740262758528,0.7774577709616095,5.622079505223191,78.0,89.0
WO_INV_0584,PPG2000:60+PPG400:40,2.2,0.417152615673349,0.0160014733430744,0.055704719795249,0.8803337720118243,5.64297130428778,88.0,90.0
WO_INV_0410,PPG1000:40+PPG700:60,2.4,0.4302124168110128,0.0330936906799169,0.0790796523852413,1.1950553026702921,5.724773227173257,106.0,91.0
WO_INV_0680,PPG2000:30+PPG700:70,2.2,0.3876798116503101,0.0057743935246414,0.0359715180127044,0.8042425006418181,5.741067924648145,81.0,92.0
WO_INV_0426,PPG1000:50+PPG700:50,2.4,0.4217313363788815,0.0250767082300698,0.0678489838153261,1.1075879714116401,5.742013961931221,103.0,93.0
WO_INV_0665,PPG2000:20+PPG700:80,2.3,0.4170311436537281,0.0182722871836578,0.0594726397132904,0.9754069597299151,5.834846633915005,93.0,94.0
WO_INV_0489,PPG1000:90+PPG700:10,2.3,0.375094712207681,0.0052082603903428,0.036600158395841,0.824383947287539,5.908796935884294,83.0,95.0
WO_INV_0442,PPG1000:60+PPG700:40,2.4,0.412993965577966,0.0184713693563807,0.0592671124083769,1.0514847168102945,5.941715028399665,100.0,96.0
WO_INV_0598,PPG2000:70+PPG400:30,2.0,0.3550675566734384,0.0065165204222797,0.0419961733902079,0.6825748710268514,6.04136858557085,69.0,97.0
WO_INV_0009,PPG1000:100,2.3,0.3653110769084302,0.005536190225401,0.0380509625775142,0.8821663047619541,6.062923567595248,89.0,98.0
WO_INV_0346,PPG1000:90+PPG400:10,2.4,0.4085255132519858,0.0157023651265998,0.056264857985834,1.035542411340118,6.16252939746608,99.0,99.0
WO_INV_0458,PPG1000:70+PPG700:30,2.4,0.4039885088984515,0.0133129726251111,0.0520225296280027,1.0267493136895194,6.173366880602735,96.0,100.0
WO_INV_0599,PPG2000:70+PPG400:30,2.1,0.3663175604493442,0.0060725367812976,0.0406790953100625,0.8437511757108815,6.293923984018255,86.0,101.0
WO_INV_0474,PPG1000:80+PPG700:20,2.4,0.3947024357173986,0.0096495997388681,0.0461551854774308,1.0328565009104467,6.435122026204019,97.0,102.0
WO_INV_0585,PPG2000:60+PPG400:40,2.3,0.4279986100366224,0.0219198945880404,0.0673429578420425,1.1761192901326374,6.499829720671116,105.0,103.0
WO_INV_0695,PPG2000:40+PPG700:60,2.1,0.3571426275509385,0.0086184752291581,0.0452391780464658,0.9391567272922435,6.512394336827325,92.0,104.0
WO_INV_0681,PPG2000:30+PPG700:70,2.3,0.398283151401737,0.0087377881856026,0.044319462357792,1.0565064138968878,6.554145466245765,101.0,105.0
WO_INV_0427,PPG1000:50+PPG700:50,2.5,0.4317172793464748,0.0323851813673327,0.080872981392253,1.4381748924026725,6.622201612780622,112.0,106.0
WO_INV_0666,PPG2000:20+PPG700:80,2.4,0.4274131672068069,0.0245699415138052,0.0715304431331519,1.286011127311324,6.709097481490026,107.0,107.0
WO_INV_0490,PPG1000:90+PPG700:10,2.4,0.3851224221257547,0.0075205044398811,0.042063264053435,1.0670269031327262,6.719379340936741,102.0,108.0
WO_INV_0443,PPG1000:60+PPG700:40,2.5,0.4229243309528961,0.0247878778761414,0.0712791443079698,1.3722554145632337,6.822566393247182,111.0,109.0
WO_INV_0347,PPG1000:90+PPG400:10,2.5,0.4184250222634171,0.0215153439614029,0.0678340866529488,1.3511259949011678,7.050428899797067,110.0,110.0
WO_INV_0459,PPG1000:70+PPG700:30,2.5,0.4138550023812141,0.0186208316961818,0.0630058535629544,1.3368642519327736,7.05404121928912,109.0,111.0
WO_INV_0475,PPG1000:80+PPG700:20,2.5,0.4044960547863629,0.0139323317931863,0.0560933128576734,1.3313761280042045,7.314649537248945,108.0,112.0
WO_INV_0586,PPG2000:60+PPG400:40,2.4,0.4384483203989263,0.0287720927729507,0.080166765330478,1.5150257037879427,7.423173124775625,113.0,113.0
WO_INV_0667,PPG2000:20+PPG700:80,2.5,0.4374318765162969,0.0318013728018969,0.0847738160225137,1.6397361913357635,7.649833318418122,114.0,114.0
WO_INV_0444,PPG1000:60+PPG700:40,2.6,0.4325243021467605,0.0320381633851429,0.084476745718919,1.736147009971904,7.769902748746631,117.0,115.0
WO_INV_0460,PPG1000:70+PPG700:30,2.6,0.4234001516457601,0.0248624677723131,0.075174747034988,1.6901000886209023,8.001200550088432,115.0,116.0
WO_INV_0348,PPG1000:90+PPG400:10,2.6,0.4279986100366224,0.0282620997782168,0.0805888848224861,1.7098304757919807,8.004813392476057,116.0,117.0
