scale,winner,n_admissible,winner_score
0.0,WO_INV_0579,141,0.0004160220350720619
0.0025,WO_INV_0579,141,0.00042906344569410156
0.005,WO_INV_0579,141,0.0004423467555578106
0.0075,WO_INV_0579,141,0.00045587196466318896
0.01,WO_INV_0579,141,0.00046963907301023663
0.0125,WO_INV_0579,141,0.00048364808059895366
0.015,WO_INV_0579,141,0.0004978989874293401
0.0175,WO_INV_0579,141,0.0005123917935013958
0.02,WO_INV_0579,141,0.0005271264988151209
0.0225,WO_INV_0579,141,0.0005421031033705152
0.025,WO_INV_0579,141,0.0005573216071675789
0.0275,WO_INV_0579,141,0.0005727820102063119
0.03,WO_INV_0579,141,0.0005884843124867144
0.0325,WO_INV_0579,141,0.000604428514008786
0.035,WO_INV_0579,141,0.0006206146147725271
0.0375,WO_INV_0579,141,0.0006370426147779374
0.04,WO_INV_0579,141,0.0006537125140250172
0.0425,WO_INV_0579,141,0.0006706243125137663
0.045,WO_INV_0579,141,0.0006877780102441846
0.0475,WO_INV_0579,141,0.0007051736072162724
0.05,WO_INV_0579,141,0.0007228111034300295
0.0525,WO_INV_0579,141,0.0007406904988854559
0.055,WO_INV_0579,141,0.0007588117935825516
0.0575,WO_INV_0579,141,0.0007771749875213167
0.06,WO_INV_0579,141,0.0007957800807017511
0.0625,WO_INV_0579,141,0.0008146270731238548
0.065,WO_INV_0579,141,0.0008337159647876279
0.0675,WO_INV_0579,141,0.0008530467556930703
0.07,WO_INV_0579,141,0.0008726194458401822
0.0725,WO_INV_0579,141,0.0008924340352289632
0.075,WO_INV_0579,141,0.0009124905238594136
0.0775,WO_INV_0579,141,0.0009327889117315333
0.08,WO_INV_0579,141,0.0009533291988453224
0.0825,WO_INV_0579,141,0.0009741113852007809
0.085,WO_INV_0579,141,0.0009951354707979088
0.08750000000000001,WO_INV_0579,141,0.0010164014556367058
0.09,WO_INV_0579,141,0.0010379093397171722
0.0925,WO_INV_0579,141,0.001059659123039308
0.095,WO_INV_0579,141,0.0010816508056031133
0.0975,WO_INV_0579,141,0.0011038843874085875
0.1,WO_INV_0579,141,0.0011263598684557315
0.10250000000000001,WO_INV_0579,141,0.0011490772487445446
0.105,WO_INV_0579,141,0.001172036528275027
0.1075,WO_INV_0579,141,0.0011952377070471787
0.11,WO_INV_0579,141,0.001218680785061
0.1125,WO_INV_0579,141,0.0012423657623164904
0.115,WO_INV_0579,141,0.0012662926388136502
0.11750000000000001,WO_INV_0579,141,0.0012904614145524793
0.12,WO_INV_0579,141,0.0013148720895329777
0.1225,WO_INV_0579,141,0.0013395246637551454
0.125,WO_INV_0579,141,0.0013644191372189827
0.1275,WO_INV_0579,141,0.0013895555099244891
0.13,WO_INV_0579,141,0.001414933781871665
0.1325,WO_INV_0579,141,0.00144055395306051
0.135,WO_INV_0579,141,0.0014664160234910248
0.1375,WO_INV_0579,141,0.0014925199931632087
0.14,WO_INV_0579,141,0.0015188658620770617
0.14250000000000002,WO_INV_0579,141,0.0015454536302325845
0.145,WO_INV_0579,141,0.001572283297629776
0.1475,WO_INV_0579,141,0.001599354864268637
0.15,WO_INV_0579,141,0.0016266683301491677
0.1525,WO_INV_0579,141,0.0016542236952713674
0.155,WO_INV_0579,141,0.0016820209596352367
0.1575,WO_INV_0579,141,0.001710060123240775
0.16,WO_INV_0579,141,0.0017383411860879831
0.1625,WO_INV_0579,141,0.0017668641481768605
0.165,WO_INV_0579,141,0.0017956290095074068
0.1675,WO_INV_0579,141,0.0018246357700796227
0.17,WO_INV_0579,141,0.001853884429893508
0.17250000000000001,WO_INV_0579,141,0.0018833749889490626
0.17500000000000002,WO_INV_0579,141,0.0019131074472462863
0.1775,WO_INV_0579,141,0.0019430818047851792
0.18,WO_INV_0579,141,0.001973298061565742
0.1825,WO_INV_0579,141,0.0020037562175879734
0.185,WO_INV_0579,141,0.0020344562728518752
0.1875,WO_INV_0579,141,0.0020653982273574453
0.19,WO_INV_0579,141,0.0020965820811046855
0.1925,WO_INV_0579,141,0.0021280078340935944
0.195,WO_INV_0579,141,0.0021596754863241734
0.1975,WO_INV_0579,141,0.002191585037796421
0.2,WO_INV_0579,141,0.0022237364885103385
0.2025,WO_INV_0579,141,0.002256129838465925
0.20500000000000002,WO_INV_0579,141,0.002288765087663181
0.20750000000000002,WO_INV_0579,141,0.0023216422361021062
0.21,WO_INV_0579,141,0.0023547612837827004
0.2125,WO_INV_0579,141,0.0023881222307049646
0.215,WO_INV_0579,141,0.002421725076868898
0.2175,WO_INV_0579,141,0.0024555698222745
0.22,WO_INV_0579,141,0.0024896564669217723
0.2225,WO_INV_0579,141,0.0025239850108107137
0.225,WO_INV_0579,141,0.0025585554539413243
0.2275,WO_INV_0579,141,0.002593367796313604
0.23,WO_INV_0579,141,0.0026284220379275535
0.2325,WO_INV_0579,141,0.002663718178783172
0.23500000000000001,WO_INV_0579,141,0.00269925621888046
0.23750000000000002,WO_INV_0579,141,0.0027350361582194173
0.24,WO_INV_0579,141,0.0027710579968000435
0.2425,WO_INV_0579,141,0.0028073217346223393
0.245,WO_INV_0579,141,0.0028438273716863047
0.2475,WO_INV_0579,141,0.0028805749079919393
0.25,WO_INV_0579,141,0.002917564343539243
0.2525,WO_INV_0579,141,0.002954795678328217
0.255,WO_INV_0579,141,0.0029922689123588597
0.2575,WO_INV_0579,141,0.0030299840456311715
0.26,WO_INV_0579,141,0.0030679410781451525
0.2625,WO_INV_0579,141,0.0031061400099008036
0.265,WO_INV_0579,141,0.0031445808408981234
0.2675,WO_INV_0579,141,0.003183263571137113
0.27,WO_INV_0579,141,0.0032221882006177715
0.2725,WO_INV_0579,141,0.003261354729340099
0.275,WO_INV_0579,141,0.003300763157304097
0.2775,WO_INV_0579,141,0.0033404134845097634
0.28,WO_INV_0579,141,0.0033803057109570993
0.28250000000000003,WO_INV_0579,141,0.0034204398366461048
0.28500000000000003,WO_INV_0579,141,0.0034608158615767794
0.28750000000000003,WO_INV_0579,141,0.0035014337857491233
0.29,WO_INV_0579,141,0.003542293609163136
0.2925,WO_INV_0579,141,0.0035833953318188186
0.295,WO_INV_0579,141,0.003624738953716171
0.2975,WO_INV_0579,141,0.003666324474855192
0.3,WO_INV_0579,141,0.0037081518952358826
0.3025,WO_INV_0579,141,0.0037502212148582425
0.305,WO_INV_0579,141,0.003792532433722272
0.3075,WO_INV_0579,141,0.0038350855518279707
0.31,WO_INV_0579,141,0.003877880569175339
0.3125,WO_INV_0579,141,0.003920917485764376
0.315,WO_INV_0579,141,0.003964196301595083
0.3175,WO_INV_0579,141,0.004007717016667459
0.32,WO_INV_0579,141,0.004051479630981504
0.3225,WO_INV_0579,141,0.004095484144537219
0.325,WO_INV_0579,141,0.004139730557334603
0.3275,WO_INV_0579,141,0.004184218869373656
0.33,WO_INV_0579,141,0.004228949080654379
0.3325,WO_INV_0579,141,0.004273921191176771
0.335,WO_INV_0579,141,0.004319135200940833
0.3375,WO_INV_0579,141,0.004364591109946563
0.34,WO_INV_0579,141,0.004410288918193964
0.3425,WO_INV_0579,141,0.004456228625683033
0.34500000000000003,WO_INV_0579,141,0.004502410232413772
0.34750000000000003,WO_INV_0579,141,0.00454883373838618
0.35000000000000003,WO_INV_0579,141,0.004595499143600258
0.3525,WO_INV_0579,141,0.004642406448056003
0.355,WO_INV_0579,141,0.004689555651753419
0.3575,WO_INV_0579,141,0.004736946754692505
0.36,WO_INV_0579,141,0.004784579756873259
0.3625,WO_INV_0579,141,0.0048324546582956835
0.365,WO_INV_0420,141,0.004877349895721974
0.3675,WO_INV_0420,141,0.004919486637725338
0.37,WO_INV_0420,141,0.004961819987728702
0.3725,WO_INV_0420,141,0.005004349945732065
0.375,WO_INV_0420,141,0.0050470765117354285
0.3775,WO_INV_0420,141,0.005089999685738792
0.38,WO_INV_0420,141,0.005133119467742156
0.3825,WO_INV_0420,141,0.005176435857745519
0.385,WO_INV_0420,141,0.0052199488557488835
0.3875,WO_INV_0420,141,0.005263658461752247
0.39,WO_INV_0420,141,0.00530756467575561
0.3925,WO_INV_0420,141,0.005351667497758974
0.395,WO_INV_0420,141,0.005395966927762338
0.3975,WO_INV_0420,141,0.005440462965765702
0.4,WO_INV_0420,141,0.0054851556117690645
0.4025,WO_INV_0420,141,0.005530044865772429
0.405,WO_INV_0420,141,0.005575130727775792
0.40750000000000003,WO_INV_0420,141,0.005620413197779155
0.41000000000000003,WO_INV_0420,141,0.00566589227578252
0.41250000000000003,WO_INV_0420,141,0.0057115679617858826
0.41500000000000004,WO_INV_0420,141,0.0057574402557892465
0.4175,WO_INV_0420,141,0.005803509157792609
0.42,WO_INV_0420,141,0.005849774667795973
0.4225,WO_INV_0420,141,0.005896236785799336
0.425,WO_INV_0420,141,0.005942895511802701
0.4275,WO_INV_0420,141,0.0059897508458060635
0.43,WO_INV_0420,141,0.006036802787809428
0.4325,WO_INV_0420,141,0.006084051337812792
0.435,WO_INV_0420,141,0.006131496495816155
0.4375,WO_INV_0420,141,0.006179138261819518
0.44,WO_INV_0420,141,0.006226976635822883
0.4425,WO_INV_0420,141,0.0062750116178262455
0.445,WO_INV_0420,141,0.006323243207829609
0.4475,WO_INV_0420,141,0.006371671405832973
0.45,WO_INV_0420,141,0.0064202962118363365
0.4525,WO_INV_0420,141,0.0064691176258397
0.455,WO_INV_0420,141,0.0065181356478430635
0.4575,WO_INV_0420,141,0.006567350277846428
0.46,WO_INV_0420,141,0.006616761515849791
0.4625,WO_INV_0420,141,0.006666369361853155
0.465,WO_INV_0420,141,0.006716173815856518
0.4675,WO_INV_0420,141,0.006766174877859882
0.47000000000000003,WO_INV_0420,141,0.0068163725478632455
0.47250000000000003,WO_INV_0420,141,0.006866766825866609
0.47500000000000003,WO_INV_0420,141,0.006917357711869973
0.47750000000000004,WO_INV_0420,141,0.006968145205873336
0.48,WO_INV_0420,141,0.007019129307876699
0.4825,WO_INV_0420,141,0.0070703100178800635
0.485,WO_INV_0420,141,0.007121687335883427
0.4875,WO_INV_0420,141,0.00717326126188679
0.49,WO_INV_0420,141,0.007225031795890154
0.4925,WO_INV_0420,141,0.007276998937893518
0.495,WO_INV_0420,141,0.007329162687896881
0.4975,WO_INV_0420,141,0.007381523045900245
0.5,WO_INV_0420,141,0.007434080011903608
0.5025000000000001,WO_INV_0420,141,0.007486833585906974
0.505,WO_INV_0420,141,0.007539783767910336
0.5075000000000001,WO_INV_0420,141,0.0075929305579137
0.51,WO_INV_0420,141,0.007646273955917063
0.5125,WO_INV_0420,141,0.007699813961920425
0.515,WO_INV_0420,141,0.00775355057592379
0.5175,WO_INV_0420,141,0.007807483797927152
0.52,WO_INV_0420,141,0.007861613627930517
0.5225,WO_INV_0420,141,0.00791594006593388
0.525,WO_INV_0420,141,0.007970463111937245
0.5275,WO_INV_0420,141,0.008025182765940607
0.53,WO_INV_0420,141,0.008080099027943972
0.5325,WO_INV_0420,141,0.008135211897947334
0.535,WO_INV_0420,141,0.008190521375950699
0.5375,WO_INV_0420,141,0.008246027461954061
0.54,WO_INV_0420,141,0.008301730155957426
0.5425,WO_INV_0420,141,0.00835762945796079
0.545,WO_INV_0420,141,0.008413725367964154
0.5475,WO_INV_0420,141,0.008470017885967516
0.55,WO_INV_0420,141,0.008526507011970882
0.5525,WO_INV_0420,141,0.008583192745974244
0.555,WO_INV_0420,141,0.008640075087977608
0.5575,WO_INV_0420,141,0.008697154037980971
0.56,WO_INV_0420,140,0.008754429595984336
0.5625,WO_INV_0420,140,0.008811901761987699
0.5650000000000001,WO_INV_0420,140,0.008869570535991064
0.5675,WO_INV_0420,140,0.008927435917994424
0.5700000000000001,WO_INV_0420,140,0.00898549790799779
0.5725,WO_INV_0420,140,0.009043756506001154
0.5750000000000001,WO_INV_0420,140,0.009102211712004519
0.5775,WO_INV_0420,140,0.00916086352600788
0.58,WO_INV_0420,140,0.009219711948011241
0.5825,WO_INV_0420,140,0.009278756978014606
0.585,WO_INV_0420,140,0.00933799861601797
0.5875,WO_INV_0420,140,0.009397436862021335
0.59,WO_INV_0420,140,0.009457071716024697
0.5925,WO_INV_0420,140,0.009516903178028061
0.595,WO_INV_0420,140,0.009576931248031424
0.5975,WO_INV_0420,140,0.009637155926034788
0.6,WO_INV_0420,139,0.009697577212038152
0.6025,WO_INV_0420,139,0.009758195106041517
0.605,WO_INV_0420,139,0.009819009608044878
0.6075,WO_INV_0420,139,0.009880020718048244
0.61,WO_INV_0420,139,0.009941228436051606
0.6125,WO_INV_0420,139,0.010002632762054972
0.615,WO_INV_0420,139,0.010064233696058335
0.6175,WO_INV_0420,139,0.0101260312380617
0.62,WO_INV_0420,139,0.010188025388065059
0.6225,WO_INV_0420,139,0.010250216146068426
0.625,WO_INV_0420,139,0.010312603512071788
0.6275000000000001,WO_INV_0420,139,0.010375187486075153
0.63,WO_INV_0420,139,0.010437968068078516
0.6325000000000001,WO_INV_0420,139,0.01050094525808188
0.635,WO_INV_0420,139,0.010564119056085243
0.6375000000000001,WO_INV_0420,139,0.010627489462088607
0.64,WO_INV_0420,139,0.010691056476091969
0.6425,WO_INV_0420,139,0.010754820098095332
0.645,WO_INV_0420,139,0.010818780328098698
0.6475,WO_INV_0420,139,0.010882937166102058
0.65,WO_INV_0420,139,0.010947290612105424
0.6525,WO_INV_0420,139,0.011011840666108788
0.655,WO_INV_0420,139,0.011076587328112151
0.6575,WO_INV_0420,139,0.011141530598115516
0.66,WO_INV_0420,139,0.011206670476118879
0.6625,WO_INV_0420,139,0.01127200696212224
0.665,WO_INV_0420,138,0.011337540056125608
0.6675,WO_INV_0420,138,0.01140326975812897
0.67,WO_INV_0420,138,0.011469196068132334
0.6725,WO_INV_0420,138,0.011535318986135697
0.675,WO_INV_0420,138,0.011601638512139061
0.6775,WO_INV_0420,138,0.011668154646142423
0.68,WO_INV_0420,138,0.01173486738814579
0.6825,WO_INV_0420,138,0.011801776738149151
0.685,WO_INV_0420,138,0.011868882696152515
0.6875,WO_INV_0420,137,0.011936185262155877
0.6900000000000001,WO_INV_0420,136,0.012003684436159241
0.6925,WO_INV_0420,136,0.012071380218162606
0.6950000000000001,WO_INV_0420,136,0.012139272608165972
0.6975,WO_INV_0420,136,0.012207361606169333
0.7000000000000001,WO_INV_0420,136,0.012275647212172698
0.7025,WO_INV_0420,136,0.012344129426176059
0.705,WO_INV_0420,136,0.012412808248179422
0.7075,WO_INV_0420,136,0.012481683678182788
0.71,WO_INV_0420,136,0.012550755716186149
0.7125,WO_INV_0420,136,0.012620024362189515
0.715,WO_INV_0420,136,0.012689489616192878
0.7175,WO_INV_0420,136,0.012759151478196241
0.72,WO_INV_0420,135,0.012829009948199603
0.7225,WO_INV_0420,135,0.01289906502620297
0.725,WO_INV_0420,135,0.01296931671220633
0.7275,WO_INV_0420,135,0.013039765006209696
0.73,WO_INV_0420,135,0.013110409908213057
0.7325,WO_INV_0420,135,0.013181251418216425
0.735,WO_INV_0420,134,0.013252289536219786
0.7375,WO_INV_0420,134,0.013323524262223153
0.74,WO_INV_0420,134,0.013394955596226514
0.7425,WO_INV_0420,134,0.013466583538229878
0.745,WO_INV_0420,134,0.01353840808823324
0.7475,WO_INV_0420,134,0.013610429246236606
0.75,WO_INV_0420,134,0.013682647012239969
0.7525000000000001,WO_INV_0420,134,0.013755061386243333
0.755,WO_INV_0420,133,0.013827672368246696
0.7575000000000001,WO_INV_0420,132,0.01390047995825006
0.76,WO_INV_0420,132,0.013973484156253421
0.7625000000000001,WO_INV_0420,132,0.014046684962256788
0.765,WO_INV_0420,132,0.01412008237626015
0.7675000000000001,WO_INV_0420,132,0.014193676398263515
0.77,WO_INV_0420,132,0.014267467028266879
0.7725,WO_INV_0420,132,0.014341454266270239
0.775,WO_INV_0420,132,0.014415638112273605
0.7775,WO_INV_0420,132,0.014490018566276967
0.78,WO_INV_0420,132,0.014564595628280332
0.7825,WO_INV_0420,132,0.014639369298283696
0.785,WO_INV_0420,131,0.01471433957628706
0.7875,WO_INV_0420,131,0.014789506462290422
0.79,WO_INV_0420,131,0.014864869956293787
0.7925,WO_INV_0420,131,0.01494043005829715
0.795,WO_INV_0420,131,0.015016186768300514
0.7975,WO_INV_0420,131,0.015092140086303876
0.8,WO_INV_0420,131,0.01516829001230724
0.8025,WO_INV_0420,131,0.015244636546310603
0.805,WO_INV_0420,131,0.015321179688313969
0.8075,WO_INV_0420,131,0.01539791943831733
0.81,WO_INV_0420,131,0.015474855796320696
0.8125,WO_INV_0420,131,0.015551988762324057
0.8150000000000001,WO_INV_0420,131,0.01562931833632742
0.8175,WO_INV_0420,131,0.015706844518330786
0.8200000000000001,WO_INV_0420,131,0.015784567308334153
0.8225,WO_INV_0420,131,0.01586248670633751
0.8250000000000001,WO_INV_0420,131,0.01594060271234088
0.8275,WO_INV_0420,130,0.016018915326344238
0.8300000000000001,WO_INV_0420,128,0.016097424548347606
0.8325,WO_INV_0420,128,0.016176130378350966
0.835,WO_INV_0420,128,0.01625503281635433
0.8375,WO_INV_0420,128,0.016334131862357694
0.84,WO_INV_0420,128,0.016413427516361056
0.8425,WO_INV_0420,128,0.016492919778364423
0.845,WO_INV_0420,128,0.016572608648367782
0.8475,WO_INV_0420,128,0.01665249412637115
0.85,WO_INV_0420,128,0.016732576212374513
0.8525,WO_INV_0420,127,0.016812854906377878
0.855,WO_INV_0420,127,0.016893330208381237
0.8575,WO_INV_0420,127,0.016974002118384603
0.86,WO_INV_0420,127,0.017054870636387966
0.8625,WO_INV_0420,126,0.017135935762391332
0.865,WO_INV_0420,126,0.017217197496394693
0.8675,WO_INV_0420,126,0.01729865583839806
0.87,WO_INV_0420,126,0.01738031078840142
0.8725,WO_INV_0420,126,0.017462162346404783
0.875,WO_INV_0420,126,0.017544210512408148
0.8775000000000001,WO_INV_0420,126,0.017626455286411515
0.88,WO_INV_0420,126,0.017708896668414877
0.8825000000000001,WO_INV_0420,126,0.01779153465841824
0.885,WO_INV_0420,126,0.0178743692564216
0.8875000000000001,WO_INV_0420,126,0.017957400462424968
0.89,WO_INV_0420,126,0.018040628276428328
0.8925000000000001,WO_INV_0420,126,0.018124052698431696
0.895,WO_INV_0420,126,0.018207673728435056
0.8975,WO_INV_0420,126,0.018291491366438418
0.9,WO_INV_0420,125,0.018375505612441785
0.9025,WO_INV_0420,124,0.018459716466445147
0.905,WO_INV_0420,123,0.01854412392844851
0.9075,WO_INV_0420,123,0.018628727998451874
0.91,WO_INV_0420,122,0.01871352867645524
0.9125,WO_INV_0420,122,0.018798525962458602
0.915,WO_INV_0420,122,0.018883719856461968
0.9175,WO_INV_0420,122,0.018969110358465328
0.92,WO_INV_0420,122,0.019054697468468697
0.9225,WO_INV_0420,122,0.019140481186472057
0.925,WO_INV_0420,121,0.019226461512475423
0.9275,WO_INV_0420,121,0.019312638446478785
0.93,WO_INV_0420,121,0.01939901198848215
0.9325,WO_INV_0420,121,0.019485582138485513
0.935,WO_INV_0420,121,0.019572348896488876
0.9375,WO_INV_0420,121,0.019659312262492238
0.9400000000000001,WO_INV_0420,120,0.019746472236495602
0.9425,WO_INV_0420,120,0.019833828818498968
0.9450000000000001,WO_INV_0420,120,0.019921382008502332
0.9475,WO_INV_0420,120,0.020009131806505695
0.9500000000000001,WO_INV_0420,120,0.02009707821250906
0.9525,WO_INV_0420,120,0.02018522122651242
0.9550000000000001,WO_INV_0420,120,0.020273560848515785
0.9575,WO_INV_0420,120,0.02036209707851915
0.96,WO_INV_0420,120,0.020450829916522507
0.9625,WO_INV_0420,120,0.020539759362525875
0.965,WO_INV_0420,120,0.020628885416529238
0.9675,WO_INV_0420,120,0.020718208078532602
0.97,WO_INV_0420,120,0.020807727348535962
0.9725,WO_INV_0420,120,0.02089744322653933
0.975,WO_INV_0420,120,0.02098735571254269
0.9775,WO_INV_0420,119,0.021077464806546056
0.98,WO_INV_0420,118,0.021167770508549417
0.9825,WO_INV_0420,118,0.021258272818552783
0.985,WO_INV_0420,117,0.021348971736556147
0.9875,WO_INV_0420,117,0.021439867262559514
0.99,WO_INV_0420,117,0.021530959396562875
0.9925,WO_INV_0420,117,0.02162224813856624
0.995,WO_INV_0420,117,0.0217137334885696
0.9975,WO_INV_0420,117,0.021805415446572964
1.0,WO_INV_0420,117,0.021897294012576327
1.0025,WO_INV_0420,116,0.02198936918657969
1.0050000000000001,WO_INV_0420,116,0.02208164096858306
1.0075,WO_INV_0420,116,0.022174109358586422
1.01,WO_INV_0420,116,0.022266774356589785
1.0125,WO_INV_0420,116,0.022359635962593147
1.0150000000000001,WO_INV_0420,116,0.02245269417659651
1.0175,WO_INV_0420,116,0.022545948998599873
1.02,WO_INV_0420,115,0.022639400428603237
1.0225,WO_INV_0420,115,0.0227330484666066
1.025,WO_INV_0420,115,0.02282689311260996
1.0275,WO_INV_0420,115,0.02292093436661333
1.03,WO_INV_0420,115,0.023015172228616692
1.0325,WO_INV_0420,115,0.023109606698620055
1.035,WO_INV_0420,115,0.023204237776623414
1.0375,WO_INV_0420,115,0.02329906546262679
1.04,WO_INV_0420,115,0.023394089756630147
1.0425,WO_INV_0420,115,0.023489310658633505
1.045,WO_INV_0420,115,0.023584728168636868
1.0475,WO_INV_0420,115,0.02368034228664024
1.05,WO_INV_0420,115,0.0237761530126436
1.0525,WO_INV_0420,115,0.023872160346646965
1.055,WO_INV_0420,114,0.023968364288650325
1.0575,WO_INV_0420,113,0.024064764838653694
1.06,WO_INV_0420,113,0.024161361996657055
1.0625,WO_INV_0420,113,0.024258155762660417
1.065,WO_INV_0420,113,0.024355146136663782
1.0675000000000001,WO_INV_0420,113,0.024452333118667152
1.07,WO_INV_0420,112,0.02454971670867051
1.0725,WO_INV_0420,112,0.024647296906673874
1.075,WO_INV_0420,112,0.024745073712677233
1.0775000000000001,WO_INV_0420,112,0.024843047126680604
1.08,WO_INV_0420,112,0.024941217148683966
1.0825,WO_INV_0420,112,0.025039583778687327
1.085,WO_INV_0420,111,0.02513814701669069
1.0875000000000001,WO_INV_0420,111,0.025236906862694062
1.09,WO_INV_0420,111,0.025335863316697422
1.0925,WO_INV_0420,111,0.025435016378700784
1.095,WO_INV_0420,111,0.025534366048704144
1.0975,WO_INV_0420,111,0.025633912326707503
1.1,WO_INV_0420,110,0.025733655212710874
1.1025,WO_INV_0420,110,0.025833594706714237
1.105,WO_INV_0420,110,0.025933730808717602
1.1075,WO_INV_0420,109,0.026034063518720958
1.11,WO_INV_0420,109,0.02613459283672433
1.1125,WO_INV_0420,109,0.02623531876272769
1.115,WO_INV_0420,109,0.026336241296731053
1.1175,WO_INV_0420,109,0.026437360438734417
1.12,WO_INV_0420,109,0.026538676188737786
1.1225,WO_INV_0420,109,0.026640188546741148
1.125,WO_INV_0420,109,0.02674189751274451
1.1275,WO_INV_0420,109,0.02684380308674787
1.1300000000000001,WO_INV_0420,109,0.026945905268751243
1.1325,WO_INV_0420,108,0.0270482040587546
1.135,WO_INV_0420,108,0.02715069945675796
1.1375,WO_INV_0420,107,0.027253391462761324
1.1400000000000001,WO_INV_0420,107,0.027356280076764695
1.1425,WO_INV_0420,106,0.02745936529876806
1.145,WO_INV_0420,106,0.02756264712877142
1.1475,WO_INV_0420,106,0.02766612556677478
1.1500000000000001,WO_INV_0420,106,0.027769800612778152
1.1525,WO_INV_0420,105,0.027873672266781512
1.155,WO_INV_0420,105,0.02797774052878487
1.1575,WO_INV_0420,104,0.028082005398788232
1.16,WO_INV_0420,104,0.02818646687679159
1.1625,WO_INV_0420,104,0.028291124962794966
1.165,WO_INV_0420,104,0.028395979656798326
1.1675,WO_INV_0420,104,0.028501030958801687
1.17,WO_INV_0420,104,0.02860627886880505
1.1725,WO_INV_0420,103,0.02871172338680842
1.175,WO_INV_0420,103,0.028817364512811784
1.1775,WO_INV_0420,103,0.028923202246815147
1.18,WO_INV_0420,103,0.029029236588818508
1.1825,WO_INV_0420,102,0.029135467538821874
1.185,WO_INV_0420,102,0.029241895096825232
1.1875,WO_INV_0420,102,0.0293485192628286
1.19,WO_INV_0420,102,0.029455340036831958
1.1925000000000001,WO_INV_0420,102,0.029562357418835332
1.195,WO_INV_0420,102,0.029669571408838694
1.1975,WO_INV_0420,101,0.029776982006842055
1.2,WO_INV_0420,101,0.029884589212845415
1.2025000000000001,WO_INV_0420,101,0.029992393026848786
1.205,WO_INV_0420,101,0.03010039344885215
1.2075,WO_INV_0420,101,0.03020859047885551
1.21,WO_INV_0420,101,0.030316984116858868
1.2125000000000001,WO_INV_0420,101,0.03042557436286224
1.215,WO_INV_0420,100,0.0305343612168656
1.2175,WO_INV_0420,100,0.03064334467886896
1.22,WO_INV_0420,100,0.03075252474887232
1.2225,WO_INV_0420,100,0.030861901426875688
1.225,WO_INV_0420,99,0.030971474712879057
1.2275,WO_INV_0420,99,0.03108124460688242
1.23,WO_INV_0420,99,0.03119121110888578
1.2325,WO_INV_0420,98,0.03130137421888914
1.235,WO_INV_0420,98,0.03141173393689251
1.2375,WO_INV_0420,98,0.03152229026289587
1.24,WO_INV_0420,97,0.03163304319689923
1.2425,WO_INV_0420,97,0.03174399273890259
1.245,WO_INV_0420,97,0.03185513888890597
1.2475,WO_INV_0420,96,0.03196648164690933
1.25,WO_INV_0420,96,0.03207802101291269
1.2525,WO_INV_0420,96,0.03218975698691605
1.2550000000000001,WO_INV_0420,96,0.03230168956891942
1.2575,WO_INV_0420,96,0.03241381875892278
1.26,WO_INV_0420,96,0.032526144556926144
1.2625,WO_INV_0420,96,0.03263866696292951
1.2650000000000001,WO_INV_0420,95,0.032751385976932876
1.2675,WO_INV_0420,95,0.03286430159893623
1.27,WO_INV_0420,94,0.0329774138289396
1.2725,WO_INV_0420,94,0.03309072266694296
1.2750000000000001,WO_INV_0420,94,0.033204228112946335
1.2775,WO_INV_0420,94,0.03331793016694969
1.28,WO_INV_0420,94,0.033431828828953056
1.2825,WO_INV_0420,94,0.03354592409895642
1.285,WO_INV_0420,94,0.03366021597695978
1.2875,WO_INV_0420,93,0.03377470446296315
1.29,WO_INV_0420,93,0.033889389556966514
1.2925,WO_INV_0420,93,0.03400427125896987
1.295,WO_INV_0420,92,0.03411934956897323
1.2975,WO_INV_0420,92,0.0342346244869766
1.3,WO_INV_0420,91,0.03435009601297996
1.3025,WO_INV_0420,91,0.034465764146983324
1.305,WO_INV_0420,91,0.034581628888986686
1.3075,WO_INV_0420,91,0.03469769023899005
1.31,WO_INV_0420,91,0.03481394819699342
1.3125,WO_INV_0420,90,0.034930402762996776
1.315,WO_INV_0420,90,0.03504705393700014
1.3175000000000001,WO_INV_0420,89,0.035163901719003514
1.32,WO_INV_0420,89,0.03528094610900687
1.3225,WO_INV_0420,89,0.03539818710701023
1.325,WO_INV_0420,89,0.03551562471301359
1.3275000000000001,WO_INV_0420,88,0.035633258927016964
1.33,WO_INV_0420,87,0.03575108974902033
1.3325,WO_INV_0420,87,0.03586911717902369
1.335,WO_INV_0420,87,0.03598734121702705
1.3375000000000001,WO_INV_0420,87,0.036105761863030425
1.34,WO_INV_0420,86,0.036224379117033786
1.3425,WO_INV_0420,84,0.036343192979037146
1.345,WO_INV_0420,84,0.036462203449040505
1.3475,WO_INV_0420,84,0.03658141052704386
1.35,WO_INV_0420,84,0.03670081421304723
1.3525,WO_INV_0420,84,0.0368204145070506
1.355,WO_INV_0420,84,0.03694021140905396
1.3575,WO_INV_0420,84,0.037060204919057316
1.36,WO_INV_0420,83,0.03718039503706069
1.3625,WO_INV_0437,81,0.03819012479798142
1.365,WO_INV_0437,81,0.03831049226358095
1.3675,WO_INV_0437,81,0.03843104997433642
1.37,WO_INV_0437,80,0.03855179793024785
1.3725,WO_INV_0437,78,0.038672736131315236
1.375,WO_INV_0437,77,0.03879386457753857
1.3775,WO_INV_0437,77,0.03891518326891785
1.3800000000000001,WO_INV_0437,76,0.03903669220545311
1.3825,WO_INV_0437,76,0.0391583913871443
1.385,WO_INV_0437,76,0.03928028081399145
1.3875,WO_INV_0437,76,0.03940236048599455
1.3900000000000001,WO_INV_0437,73,0.03952463040315361
1.3925,WO_INV_0437,73,0.039647090565468626
1.395,WO_INV_0437,72,0.03976974097293959
1.3975,WO_INV_0437,72,0.0398925816255665
1.4000000000000001,WO_INV_0437,72,0.040015612523349384
1.4025,WO_INV_0437,71,0.040138833666288204
1.405,WO_INV_0437,71,0.04026224505438297
1.4075,WO_INV_0437,70,0.0403858466876337
1.41,WO_INV_0437,70,0.040509638566040396
1.4125,WO_INV_0437,69,0.04063362068960304
1.415,WO_INV_0437,69,0.040757793058321626
1.4175,WO_INV_0437,68,0.04088215567219617
1.42,WO_INV_0437,68,0.04100670853122666
1.4225,WO_INV_0437,67,0.041131451635413124
1.425,WO_INV_0437,67,0.04125638498475553
1.4275,WO_INV_0437,66,0.041381508579253885
1.43,WO_INV_0437,66,0.0415068224189082
1.4325,WO_INV_0437,65,0.04163232650371847
1.435,WO_INV_0437,65,0.041758020833684684
1.4375,WO_INV_0437,64,0.04188390540880686
1.44,WO_INV_0437,64,0.04200998022908499
1.4425000000000001,WO_INV_0437,63,0.04213624529451907
1.445,WO_INV_0437,63,0.0422627006051091
1.4475,WO_INV_0437,63,0.04238934616085509
1.45,WO_INV_0437,63,0.04251618196175702
1.4525000000000001,WO_INV_0437,63,0.042643208007814924
1.455,WO_INV_0437,63,0.042770424299028775
1.4575,WO_INV_0437,62,0.042897830835398575
1.46,WO_INV_0437,62,0.04302542761692432
1.4625000000000001,WO_INV_0437,61,0.04315321464360604
1.465,WO_INV_0437,60,0.043281191915443704
1.4675,WO_INV_0437,59,0.04340935943243731
1.47,WO_INV_0437,59,0.04353771719458687
1.4725,WO_INV_0437,58,0.04366626520189239
1.475,WO_INV_0437,58,0.04379500345435387
1.4775,WO_INV_0437,57,0.0439239319519713
1.48,WO_INV_0437,57,0.04405305069474468
1.4825,WO_INV_0437,57,0.04418235968267402
1.485,WO_INV_0437,56,0.04431185891575931
1.4875,WO_INV_0437,56,0.04444154839400055
1.49,WO_INV_0437,55,0.04457142811739774
1.4925,WO_INV_0437,55,0.04470149808595089
1.495,WO_INV_0437,55,0.044831758299660004
1.4975,WO_INV_0437,54,0.04496220875852505
1.5,WO_INV_0454,52,0.04719633328703078
1.5025,WO_INV_0454,52,0.04732796342053902
1.5050000000000001,WO_INV_0454,52,0.047459777697435965
1.5075,WO_INV_0454,51,0.04759177611772159
1.51,WO_INV_0454,51,0.04772395868139591
1.5125,WO_INV_0454,50,0.047856325388458916
1.5150000000000001,WO_INV_0454,50,0.04798887623891063
1.5175,WO_INV_0454,50,0.04812161123275102
1.52,WO_INV_0454,49,0.048254530369980106
1.5225,WO_INV_0454,48,0.04838763365059788
1.5250000000000001,WO_INV_0454,48,0.04852092107460436
1.5275,WO_INV_0454,48,0.04865439264199952
1.53,WO_INV_0454,47,0.04878804835278338
1.5325,WO_INV_0454,46,0.04892188820695592
1.5350000000000001,WO_INV_0454,46,0.04905591220451716
1.5375,WO_INV_0454,45,0.04919012034546709
1.54,WO_INV_0454,44,0.04932451262980571
1.5425,WO_INV_0454,44,0.04945908905753302
1.545,WO_INV_0454,44,0.04959384962864902
1.5475,WO_INV_0454,43,0.04972879434315372
1.55,WO_INV_0454,41,0.0498639232010471
1.5525,WO_INV_0454,41,0.049999236202329184
1.555,WO_INV_0454,41,0.05013473334699994
1.5575,WO_INV_0454,41,0.05027041463505942
1.56,WO_INV_0454,40,0.050406280066507575
1.5625,WO_INV_0454,38,0.05054232964134442
1.565,WO_INV_0454,36,0.05067856335956994
1.5675000000000001,WO_INV_0454,36,0.05081498122118419
1.57,WO_INV_0454,36,0.050951583226187105
1.5725,WO_INV_0454,36,0.05108836937457872
1.575,WO_INV_0454,35,0.05122533966635901
1.5775000000000001,WO_INV_0454,34,0.05136249410152802
1.58,WO_INV_0454,34,0.0514998326800857
1.5825,WO_INV_0454,33,0.05163735540203208
1.585,WO_INV_0454,33,0.05177506226736714
1.5875000000000001,WO_INV_0454,32,0.05191295327609091
1.59,WO_INV_0454,32,0.05205102842820336
1.5925,WO_INV_0454,31,0.052189287723704514
1.595,WO_INV_0454,31,0.05232773116259434
1.5975000000000001,WO_INV_0454,30,0.05246635874487288
1.6,WO_INV_0454,29,0.05260517047054011
1.6025,WO_INV_0454,28,0.05274416633959601
1.605,WO_INV_0454,27,0.05288334635204062
1.6075,WO_INV_0454,27,0.0530227105078739
1.61,WO_INV_0454,27,0.0531622588070959
1.6125,WO_INV_0454,27,0.053301991249706575
1.615,WO_INV_0454,26,0.053441907835705946
1.6175,WO_INV_0454,25,0.053582008565094
1.62,WO_INV_0454,25,0.053722293437870765
1.6225,WO_INV_0454,25,0.053862762454036206
1.625,WO_INV_0454,25,0.05400341561359034
1.6275,WO_INV_0454,24,0.05414425291653316
1.6300000000000001,WO_INV_0454,23,0.05428527436286469
1.6325,WO_INV_0454,23,0.0544264799525849
1.635,WO_INV_0454,23,0.05456786968569381
1.6375,WO_INV_0454,23,0.0547094435621914
1.6400000000000001,WO_INV_0470,21,0.05901227433128317
1.6425,WO_INV_0470,21,0.05916138786380298
1.645,WO_INV_0470,20,0.05931069008959029
1.6475,WO_INV_0470,20,0.0594601810086451
1.6500000000000001,WO_INV_0470,19,0.059609860620967424
1.6525,WO_INV_0470,18,0.05975972892655723
1.655,WO_INV_0470,18,0.059909785925414544
1.6575,WO_INV_0470,17,0.06006003161753935
1.6600000000000001,WO_INV_0470,17,0.060210466002931666
1.6625,WO_INV_0470,17,0.060361089081591476
1.665,WO_INV_0470,16,0.060511900853518784
1.6675,WO_INV_0470,15,0.06066290131871359
1.67,WO_INV_0470,15,0.06081409047717589
1.6725,WO_INV_0455,14,0.061178118735661466
1.675,WO_INV_0455,14,0.06132334482385571
1.6775,WO_INV_0455,13,0.06146874479684819
1.68,WO_INV_0455,13,0.061614318654638914
1.6825,WO_INV_0455,13,0.061760066397227906
1.685,WO_INV_0455,13,0.06190598802461511
1.6875,WO_INV_0455,13,0.06205208353680057
1.69,WO_INV_0455,12,0.06219835293378428
1.6925000000000001,WO_INV_0455,12,0.062344796215566246
1.695,WO_INV_0455,10,0.06249141338214643
1.6975,WO_INV_0455,10,0.06263820443352489
1.7,WO_INV_0455,10,0.06278516936970155
1.7025000000000001,WO_INV_0455,10,0.0629323081906765
1.705,WO_INV_0455,10,0.06307962089644967
1.7075,WO_INV_0455,9,0.0632271074870211
1.71,WO_INV_0455,9,0.06337476796239075
1.7125000000000001,WO_INV_0455,8,0.06352260232255867
1.715,WO_INV_0455,7,0.06367061056752482
1.7175,WO_INV_0455,7,0.06381879269728921
1.72,WO_INV_0455,7,0.06396714871185186
1.7225000000000001,WO_INV_0455,7,0.06411567861121276
1.725,WO_INV_0455,6,0.06426438239537188
1.7275,WO_INV_0455,5,0.06441326006432926
1.73,WO_INV_0455,5,0.06456231161808487
1.7325,WO_INV_0455,5,0.06471153705663873
1.735,WO_INV_0455,5,0.06486093637999085
1.7375,WO_INV_0455,5,0.06501050958814122
1.74,WO_INV_0440,3,0.07758284578010755
1.7425,WO_INV_0440,3,0.07773760573073114
1.745,WO_INV_0440,3,0.0778925255197555
1.7475,WO_INV_0440,3,0.07804760514718058
1.75,WO_INV_0440,3,0.07820284461300642
1.7525,WO_INV_0440,3,0.078358243917233
1.7550000000000001,WO_INV_0440,3,0.07851380305986036
1.7575,WO_INV_0440,3,0.07866952204088844
1.76,WO_INV_0440,3,0.07882540086031728
1.7625,WO_INV_0440,3,0.07898143951814686
1.7650000000000001,WO_INV_0440,3,0.0791376380143772
1.7675,WO_INV_0440,3,0.0792939963490083
1.77,WO_INV_0440,2,0.07945051452204012
1.7725,WO_INV_0440,2,0.0796071925334727
1.7750000000000001,WO_INV_0440,2,0.07976403038330605
1.7775,WO_INV_0440,2,0.07992102807154014
1.78,WO_INV_0440,2,0.08007818559817495
1.7825,WO_INV_0440,2,0.08023550296321055
1.7850000000000001,WO_INV_0440,2,0.0803929801666469
1.7875,WO_INV_0440,2,0.08055061720848397
1.79,WO_INV_0440,2,0.08070841408872179
1.7925,WO_INV_0440,2,0.08086637080736037
1.795,WO_INV_0440,1,0.0810244873643997
1.7975,WO_INV_0440,1,0.0811827637598398
1.8,WO_INV_0440,1,0.08134119999368061
1.8025,WO_INV_0440,1,0.0814997960659222
1.805,WO_INV_0440,1,0.08165855197656452
1.8075,,0,
1.81,,0,
1.8125,,0,
1.815,,0,
1.8175000000000001,,0,
1.82,,0,
1.8225,,0,
1.825,,0,
1.8275000000000001,,0,
1.83,,0,
1.8325,,0,
1.835,,0,
1.8375000000000001,,0,
1.84,,0,
1.8425,,0,
1.845,,0,
1.8475000000000001,,0,
1.85,,0,
1.8525,,0,
1.855,,0,
1.8575,,0,
1.86,,0,
1.8625,,0,
1.865,,0,
1.8675,,0,
1.87,,0,
1.8725,,0,
1.875,,0,
1.8775,,0,
1.8800000000000001,,0,
1.8825,,0,
1.885,,0,
1.8875,,0,
1.8900000000000001,,0,
1.8925,,0,
1.895,,0,
1.8975,,0,
1.9000000000000001,,0,
1.9025,,0,
1.905,,0,
1.9075,,0,
1.9100000000000001,,0,
1.9125,,0,
1.915,,0,
1.9175,,0,
1.92,,0,
1.9225,,0,
1.925,,0,
1.9275,,0,
1.93,,0,
1.9325,,0,
1.935,,0,
1.9375,,0,
1.94,,0,
1.9425000000000001,,0,
1.945,,0,
1.9475,,0,
1.95,,0,
1.9525000000000001,,0,
1.955,,0,
1.9575,,0,
1.96,,0,
1.9625000000000001,,0,
1.965,,0,
1.9675,,0,
1.97,,0,
1.9725000000000001,,0,
1.975,,0,
1.9775,,0,
1.98,,0,
1.9825000000000002,,0,
1.985,,0,
1.9875,,0,
1.99,,0,
1.9925,,0,
1.995,,0,
1.9975,,0,
2.0,,0,
2.0025,,0,
2.005,,0,
2.0075,,0,
2.0100000000000002,,0,
2.0125,,0,
2.015,,0,
2.0175,,0,
2.02,,0,
2.0225,,0,
2.025,,0,
2.0275,,0,
2.0300000000000002,,0,
2.0325,,0,
2.035,,0,
2.0375,,0,
2.04,,0,
2.0425,,0,
2.045,,0,
2.0475,,0,
2.05,,0,
2.0525,,0,
2.055,,0,
2.0575,,0,
2.06,,0,
2.0625,,0,
2.065,,0,
2.0675,,0,
2.07,,0,
2.0725000000000002,,0,
2.075,,0,
2.0775,,0,
2.08,,0,
2.0825,,0,
2.085,,0,
2.0875,,0,
2.09,,0,
2.0925000000000002,,0,
2.095,,0,
2.0975,,0,
2.1,,0,
2.1025,,0,
2.105,,0,
2.1075,,0,
2.11,,0,
2.1125,,0,
2.115,,0,
2.1175,,0,
2.12,,0,
2.1225,,0,
2.125,,0,
2.1275,,0,
2.13,,0,
2.1325,,0,
2.1350000000000002,,0,
2.1375,,0,
2.14,,0,
2.1425,,0,
2.145,,0,
2.1475,,0,
2.15,,0,
2.1525,,0,
2.1550000000000002,,0,
2.1575,,0,
2.16,,0,
2.1625,,0,
2.165,,0,
2.1675,,0,
2.17,,0,
2.1725,,0,
2.1750000000000003,,0,
2.1775,,0,
2.18,,0,
2.1825,,0,
2.185,,0,
2.1875,,0,
2.19,,0,
2.1925,,0,
2.195,,0,
2.1975000000000002,,0,
2.2,,0,
