cid,blend,nco_oh,nominal_rank,robust_rank,property_score,robust_score
WO_INV_0579,PPG2000:60+PPG400:40,1.7,1.0,6.0,0.0004160220350720619,0.024936145769100942
WO_INV_0341,PPG1000:90+PPG400:10,1.9,2.0,2.0,0.0006441258000832023,0.022538253179174357
WO_INV_0660,PPG2000:20+PPG700:80,1.8,3.0,5.0,0.0007906704211501736,0.024830163597989632
WO_INV_0420,PPG1000:50+PPG700:50,1.8,4.0,1.0,0.0008351860112308893,0.021897294012576327
WO_INV_0437,PPG1000:60+PPG700:40,1.9,5.0,3.0,0.0008954815747787429,0.02275058726181814
WO_INV_0454,PPG1000:70+PPG700:30,2.0,6.0,4.0,0.0014193061631902343,0.024571588698084082
WO_INV_0580,PPG2000:60+PPG400:40,1.8,7.0,14.0,0.0016655583283342562,0.029631811658766483
WO_INV_0342,PPG1000:90+PPG400:10,2.0,8.0,7.0,0.0017882196957795583,0.026053739762955073
WO_INV_0470,PPG1000:80+PPG700:20,2.0,9.0,9.0,0.0018564413712887804,0.02704646373386354
WO_INV_0471,PPG1000:80+PPG700:20,2.1,10.0,12.0,0.0024040654790162116,0.028242418332368277
WO_INV_0661,PPG2000:20+PPG700:80,1.9,11.0,15.0,0.0024194398054454658,0.029679187467919983
WO_INV_0677,PPG2000:30+PPG700:70,1.9,12.0,17.0,0.0024868714413723274,0.030807026077419003
WO_INV_0421,PPG1000:50+PPG700:50,1.9,13.0,8.0,0.0025409972487003764,0.026668858100256994
WO_INV_0438,PPG1000:60+PPG700:40,2.0,14.0,11.0,0.002543105157321553,0.027371286094067034
WO_INV_0678,PPG2000:30+PPG700:70,2.0,15.0,21.0,0.0026489351496387986,0.031653466842210265
WO_INV_0404,PPG1000:40+PPG700:60,1.8,16.0,10.0,0.0029900786128438253,0.027164678252094978
WO_INV_0455,PPG1000:70+PPG700:30,2.1,17.0,13.0,0.0029920572923178065,0.028426927459665956
WO_INV_0323,PPG1000:80+PPG400:20,1.7,18.0,19.0,0.0030977967844952803,0.031009820798541244
WO_INV_0487,PPG1000:90+PPG700:10,2.1,19.0,20.0,0.0033851032549850934,0.031209299791883954
WO_INV_0679,PPG2000:30+PPG700:70,2.1,20.0,27.0,0.0037447758440579256,0.0333560788034201
WO_INV_0488,PPG1000:90+PPG700:10,2.2,21.0,23.0,0.003829793328641077,0.03219547551005151
WO_INV_0581,PPG2000:60+PPG400:40,1.9,22.0,31.0,0.0038488716039611175,0.035056501998602566
WO_INV_0343,PPG1000:90+PPG400:10,2.1,23.0,18.0,0.003866090577372916,0.03100391226030825
WO_INV_0472,PPG1000:80+PPG700:20,2.2,24.0,16.0,0.0038854665809870126,0.030294544155228833
WO_INV_0387,PPG1000:30+PPG700:70,1.7,25.0,25.0,0.0039044570747001394,0.03282756777851552
WO_INV_0643,PPG2000:10+PPG700:90,1.7,26.0,37.0,0.004861212763188141,0.03703698295526898
WO_INV_0662,PPG2000:20+PPG700:80,2.0,27.0,32.0,0.004981986164008531,0.035257235777049326
WO_INV_0439,PPG1000:60+PPG700:40,2.1,28.0,24.0,0.005124505722782066,0.03272100938095399
WO_INV_0008,PPG1000:100,2.2,29.0,30.0,0.005167913787103781,0.03462620589560188
WO_INV_0422,PPG1000:50+PPG700:50,2.0,30.0,22.0,0.005180585468391704,0.03216944664223154
WO_INV_0489,PPG1000:90+PPG700:10,2.3,31.0,35.0,0.005208260390342819,0.03660015839584104
WO_INV_0456,PPG1000:70+PPG700:30,2.2,32.0,28.0,0.005498585411936298,0.03361259023686425
WO_INV_0009,PPG1000:100,2.3,33.0,39.0,0.005536190225401005,0.038050962577514294
WO_INV_0324,PPG1000:80+PPG400:20,1.8,34.0,29.0,0.005620335257959055,0.034137177592755294
WO_INV_0405,PPG1000:40+PPG700:60,1.9,35.0,26.0,0.005672904822077469,0.03287497467008328
WO_INV_0680,PPG2000:30+PPG700:70,2.2,36.0,33.0,0.0057743935246414805,0.03597151801270447
WO_INV_0599,PPG2000:70+PPG400:30,2.1,37.0,45.0,0.006072536781297661,0.04067909531006252
WO_INV_0473,PPG1000:80+PPG700:20,2.3,38.0,38.0,0.00630064465881751,0.03740262758528003
WO_INV_0598,PPG2000:70+PPG400:30,2.0,39.0,49.0,0.006516520422279784,0.04199617339020799
WO_INV_0388,PPG1000:30+PPG700:70,1.8,40.0,34.0,0.006618758246461064,0.03609269709229447
WO_INV_0344,PPG1000:90+PPG400:10,2.2,41.0,36.0,0.006877738442321782,0.036683109215750624
WO_INV_0582,PPG2000:60+PPG400:40,2.0,42.0,47.0,0.006965961869338266,0.041210216808400486
WO_INV_0490,PPG1000:90+PPG700:10,2.4,44.0,50.0,0.007520504439881172,0.04206326405343508
WO_INV_0644,PPG2000:10+PPG700:90,1.8,45.0,46.0,0.007938826338455347,0.04069312601135336
WO_INV_0371,PPG1000:20+PPG700:80,1.7,46.0,52.0,0.008057630396914496,0.042753912929972215
WO_INV_0663,PPG2000:20+PPG700:80,2.1,47.0,48.0,0.008478309518682295,0.04156430857167801
WO_INV_0695,PPG2000:40+PPG700:60,2.1,48.0,54.0,0.008618475229158196,0.045239178046465885
WO_INV_0440,PPG1000:60+PPG700:40,2.2,49.0,41.0,0.008639683278276298,0.03879975713886814
WO_INV_0681,PPG2000:30+PPG700:70,2.3,50.0,53.0,0.008737788185602651,0.04431946235779208
WO_INV_0423,PPG1000:50+PPG700:50,2.1,51.0,40.0,0.008753950685966719,0.03839905966870999
WO_INV_0457,PPG1000:70+PPG700:30,2.3,52.0,51.0,0.008938890525646871,0.04222477517928648
WO_INV_0325,PPG1000:80+PPG400:20,1.9,53.0,43.0,0.009076650719774313,0.03974502007744463
WO_INV_0406,PPG1000:40+PPG700:60,2.0,54.0,42.0,0.00928950802042972,0.03931429555772345
WO_INV_0474,PPG1000:80+PPG700:20,2.4,55.0,57.0,0.009649599738868192,0.04615518547743089
WO_INV_0389,PPG1000:30+PPG700:70,1.9,57.0,44.0,0.010266836423413332,0.0405237435538211
WO_INV_0345,PPG1000:90+PPG400:10,2.3,60.0,56.0,0.010823163292293853,0.045881198847652155
WO_INV_0583,PPG2000:60+PPG400:40,2.1,61.0,63.0,0.011016829113569623,0.04809295606965887
WO_INV_0372,PPG1000:20+PPG700:80,1.8,62.0,60.0,0.011730623695690992,0.04684838768091748
WO_INV_0645,PPG2000:10+PPG700:90,1.9,63.0,59.0,0.011950216878037311,0.04648266733728022
WO_INV_0664,PPG2000:20+PPG700:80,2.2,64.0,65.0,0.012908409877992811,0.04860040585753264
WO_INV_0441,PPG1000:60+PPG700:40,2.3,65.0,64.0,0.013088637826608228,0.04844065002339059
WO_INV_0424,PPG1000:50+PPG700:50,2.2,66.0,55.0,0.01326109288256663,0.04535769714487605
WO_INV_0458,PPG1000:70+PPG700:30,2.4,67.0,67.0,0.013312972625111167,0.052022529628002745
WO_INV_0326,PPG1000:80+PPG400:20,2.0,68.0,61.0,0.01346674316035121,0.046973224844934894
WO_INV_0355,PPG1000:10+PPG700:90,1.7,69.0,70.0,0.013783976934738278,0.05445850220528946
WO_INV_0407,PPG1000:40+PPG700:60,2.1,70.0,58.0,0.013839888208911202,0.04648264091378465
WO_INV_0475,PPG1000:80+PPG700:20,2.5,71.0,75.0,0.01393233179318632,0.05609331285767344
WO_INV_0563,PPG2000:50+PPG400:50,1.7,73.0,77.0,0.014645091839845302,0.05774724407626771
WO_INV_0390,PPG1000:30+PPG700:70,2.0,74.0,62.0,0.014848691575433825,0.04789060532933606
WO_INV_0346,PPG1000:90+PPG400:10,2.4,75.0,76.0,0.015702365126599897,0.05626485798583403
WO_INV_0584,PPG2000:60+PPG400:40,2.2,76.0,72.0,0.016001473343074432,0.05570471979524906
WO_INV_0373,PPG1000:20+PPG700:80,1.9,77.0,66.0,0.01633739400225007,0.051806721311552104
WO_INV_0646,PPG2000:10+PPG700:90,2.0,79.0,68.0,0.016895384412170217,0.05435183892192379
WO_INV_0665,PPG2000:20+PPG700:80,2.3,80.0,81.0,0.01827228718365785,0.05947263971329049
WO_INV_0356,PPG1000:10+PPG700:90,1.8,81.0,80.0,0.01841914338851158,0.059382497442335855
WO_INV_0442,PPG1000:60+PPG700:40,2.4,82.0,79.0,0.018471369356380725,0.05926711240837695
WO_INV_0459,PPG1000:70+PPG700:30,2.5,83.0,83.0,0.01862083169618186,0.0630058535629544
WO_INV_0425,PPG1000:50+PPG700:50,2.3,84.0,74.0,0.018702012068359725,0.05601055573299259
WO_INV_0327,PPG1000:80+PPG400:20,2.1,86.0,71.0,0.018790612583116553,0.05493045407120744
WO_INV_0408,PPG1000:40+PPG700:60,2.2,87.0,69.0,0.01932404539350037,0.05438001074804148
WO_INV_0564,PPG2000:50+PPG400:50,1.8,88.0,84.0,0.01983179625268393,0.0633512287461179
WO_INV_0391,PPG1000:30+PPG700:70,2.1,89.0,73.0,0.020364323724023154,0.05598649158395352
WO_INV_0347,PPG1000:90+PPG400:10,2.5,90.0,91.0,0.021515343961402957,0.06783408665294884
WO_INV_0374,PPG1000:20+PPG700:80,2.0,92.0,78.0,0.021877941293941713,0.057923691631549964
WO_INV_0585,PPG2000:60+PPG400:40,2.3,93.0,90.0,0.021919894588040462,0.0673429578420425
WO_INV_0647,PPG2000:10+PPG700:90,2.1,94.0,82.0,0.02277432894355111,0.06295003498795224
WO_INV_0357,PPG1000:10+PPG700:90,1.9,95.0,87.0,0.023988086804253256,0.06517035148325222
WO_INV_0308,PPG1000:70+PPG400:30,1.8,96.0,93.0,0.02422917537828283,0.06986236823270557
WO_INV_0666,PPG2000:20+PPG700:80,2.4,97.0,96.0,0.024569941513805208,0.07153044313315199
WO_INV_0443,PPG1000:60+PPG700:40,2.5,98.0,94.0,0.02478787787614146,0.0712791443079698
WO_INV_0460,PPG1000:70+PPG700:30,2.6,99.0,100.0,0.02486246777231319,0.07517474703498808
WO_INV_0328,PPG1000:80+PPG400:20,2.2,100.0,85.0,0.025048259005107137,0.06361670778126292
WO_INV_0426,PPG1000:50+PPG700:50,2.4,101.0,92.0,0.02507670823006985,0.06784898381532617
WO_INV_0409,PPG1000:40+PPG700:60,2.3,102.0,88.0,0.02574197955588116,0.06613704682887274
WO_INV_0565,PPG2000:50+PPG400:50,1.9,103.0,95.0,0.02595227767638862,0.07128342733705127
WO_INV_0392,PPG1000:30+PPG700:70,2.2,104.0,86.0,0.026813732842562638,0.0648114022786835
WO_INV_0052,PPG700:100,1.8,106.0,99.0,0.027244661801243197,0.07375191069807206
WO_INV_0348,PPG1000:90+PPG400:10,2.6,107.0,109.0,0.02826209977821681,0.0805888848224861
WO_INV_0375,PPG1000:20+PPG700:80,2.1,108.0,89.0,0.02835226554767958,0.06694094283479858
WO_INV_0586,PPG2000:60+PPG400:40,2.4,109.0,107.0,0.028772092772950706,0.08016676533047802
WO_INV_0648,PPG2000:10+PPG700:90,2.2,110.0,98.0,0.02958705046770614,0.07227725552542046
WO_INV_0358,PPG1000:10+PPG700:90,2.0,111.0,97.0,0.030490807244212506,0.07182206442291088
WO_INV_0309,PPG1000:70+PPG400:30,1.9,112.0,102.0,0.03062157276263166,0.07641813774470027
WO_INV_0667,PPG2000:20+PPG700:80,2.5,114.0,114.0,0.031801372801896995,0.08477381602251374
WO_INV_0444,PPG1000:60+PPG700:40,2.6,115.0,113.0,0.03203816338514295,0.084476745718919
WO_INV_0329,PPG1000:80+PPG400:20,2.3,116.0,101.0,0.03223968243710684,0.07633513590307292
WO_INV_0427,PPG1000:50+PPG700:50,2.5,117.0,110.0,0.032385181367332774,0.08087298139225303
WO_INV_0566,PPG2000:50+PPG400:50,2.0,119.0,111.0,0.033006536075869466,0.08121954545715651
WO_INV_0410,PPG1000:40+PPG700:60,2.4,120.0,105.0,0.0330936906799169,0.07907965238524131
WO_INV_0053,PPG700:100,1.9,122.0,108.0,0.03382274516559713,0.08039163226808865
WO_INV_0393,PPG1000:30+PPG700:70,2.3,123.0,104.0,0.03419691897133274,0.07765730150137386
WO_INV_0376,PPG1000:20+PPG700:80,2.2,124.0,103.0,0.035760366800376926,0.07668721852148694
WO_INV_0649,PPG2000:10+PPG700:90,2.3,125.0,115.0,0.03733354897113155,0.08580824126689271
WO_INV_0359,PPG1000:10+PPG700:90,2.1,127.0,106.0,0.037927304650095216,0.0794810228032628
WO_INV_0310,PPG1000:70+PPG400:30,2.0,128.0,112.0,0.03794774711007829,0.08383776606386055
WO_INV_0567,PPG2000:50+PPG400:50,2.1,131.0,117.0,0.040994571479155424,0.09188468806645739
WO_INV_0054,PPG700:100,2.0,132.0,116.0,0.04133460554560761,0.0878952127210161
