source_candidate_id,blend,nco_oh,mdi_parts,PPG400,PPG700,PPG1000,PPG2000,mdi_fraction_total
WO_INV_0001,PPG1000:100,1.5,37.5375,0,0,100,0,0.2729255658
WO_INV_0002,PPG1000:100,1.6,40.04,0,0,100,0,0.2859183091
WO_INV_0003,PPG1000:100,1.7,42.5425,0,0,100,0,0.2984548468
WO_INV_0004,PPG1000:100,1.8,45.045,0,0,100,0,0.3105587921
WO_INV_0005,PPG1000:100,1.9,47.5475,0,0,100,0,0.3222521561
WO_INV_0006,PPG1000:100,2,50.05,0,0,100,0,0.3335554815
WO_INV_0007,PPG1000:100,2.1,52.5525,0,0,100,0,0.3444879632
WO_INV_0008,PPG1000:100,2.2,55.055,0,0,100,0,0.3550675567
WO_INV_0009,PPG1000:100,2.3,57.5575,0,0,100,0,0.3653110769
WO_INV_0010,PPG1000:100,2.4,60.06,0,0,100,0,0.3752342871
WO_INV_0011,PPG1000:100,2.5,62.5625,0,0,100,0,0.38485198
WO_INV_0012,PPG1000:100,2.6,65.065,0,0,100,0,0.3941780511
WO_INV_0013,PPG1000:100,2.7,67.5675,0,0,100,0,0.4032255658
WO_INV_0014,PPG1000:100,2.8,70.07,0,0,100,0,0.4120068207
WO_INV_0015,PPG1000:100,2.9,72.5725,0,0,100,0,0.420533399
WO_INV_0016,PPG1000:100,3,75.075,0,0,100,0,0.4288162216
WO_INV_0017,PPG2000:100,1.5,18.76875,0,0,0,100,0.1580276798
WO_INV_0018,PPG2000:100,1.6,20.02,0,0,0,100,0.1668055324
WO_INV_0019,PPG2000:100,1.7,21.27125,0,0,0,100,0.1754022491
WO_INV_0020,PPG2000:100,1.8,22.5225,0,0,0,100,0.1838233794
WO_INV_0021,PPG2000:100,1.9,23.77375,0,0,0,100,0.1920742484
WO_INV_0022,PPG2000:100,2,25.025,0,0,0,100,0.200159968
WO_INV_0023,PPG2000:100,2.1,26.27625,0,0,0,100,0.2080854476
WO_INV_0024,PPG2000:100,2.2,27.5275,0,0,0,100,0.2158554037
WO_INV_0025,PPG2000:100,2.3,28.77875,0,0,0,100,0.2234743698
WO_INV_0026,PPG2000:100,2.4,30.03,0,0,0,100,0.2309467046
WO_INV_0027,PPG2000:100,2.5,31.28125,0,0,0,100,0.2382766008
WO_INV_0028,PPG2000:100,2.6,32.5325,0,0,0,100,0.2454680927
WO_INV_0029,PPG2000:100,2.7,33.78375,0,0,0,100,0.2525250638
WO_INV_0030,PPG2000:100,2.8,35.035,0,0,0,100,0.2594512534
WO_INV_0031,PPG2000:100,2.9,36.28625,0,0,0,100,0.2662502637
WO_INV_0032,PPG2000:100,3,37.5375,0,0,0,100,0.2729255658
WO_INV_0033,PPG400:100,1.5,93.84375,100,0,0,0,0.4841205868
WO_INV_0034,PPG400:100,1.6,100.1,100,0,0,0,0.5002498751
WO_INV_0035,PPG400:100,1.7,106.35625,100,0,0,0,0.515401157
WO_INV_0036,PPG400:100,1.8,112.6125,100,0,0,0,0.5296607678
WO_INV_0037,PPG400:100,1.9,118.86875,100,0,0,0,0.5431051715
WO_INV_0038,PPG400:100,2,125.125,100,0,0,0,0.555802332
WO_INV_0039,PPG400:100,2.1,131.38125,100,0,0,0,0.567812863
WO_INV_0040,PPG400:100,2.2,137.6375,100,0,0,0,0.5791909947
WO_INV_0041,PPG400:100,2.3,143.89375,100,0,0,0,0.5899853932
WO_INV_0042,PPG400:100,2.4,150.15,100,0,0,0,0.6002398561
WO_INV_0043,PPG400:100,2.5,156.40625,100,0,0,0,0.6099939062
WO_INV_0044,PPG400:100,2.6,162.6625,100,0,0,0,0.6192833008
WO_INV_0045,PPG400:100,2.7,168.91875,100,0,0,0,0.6281404699
WO_INV_0046,PPG400:100,2.8,175.175,100,0,0,0,0.6365948942
WO_INV_0047,PPG400:100,2.9,181.43125,100,0,0,0,0.6446734327
WO_INV_0048,PPG400:100,3,187.6875,100,0,0,0,0.6524006083
WO_INV_0049,PPG700:100,1.5,53.625,0,100,0,0,0.3490642799
WO_INV_0050,PPG700:100,1.6,57.2,0,100,0,0,0.3638676845
WO_INV_0051,PPG700:100,1.7,60.775,0,100,0,0,0.3780127507
WO_INV_0052,PPG700:100,1.8,64.35,0,100,0,0,0.3915424399
WO_INV_0053,PPG700:100,1.9,67.925,0,100,0,0,0.4044960548
WO_INV_0054,PPG700:100,2,71.5,0,100,0,0,0.416909621
WO_INV_0055,PPG700:100,2.1,75.075,0,100,0,0,0.4288162216
WO_INV_0056,PPG700:100,2.2,78.65,0,100,0,0,0.4402462916
WO_INV_0057,PPG700:100,2.3,82.225,0,100,0,0,0.4512278776
WO_INV_0058,PPG700:100,2.4,85.8,0,100,0,0,0.4617868676
WO_INV_0059,PPG700:100,2.5,89.375,0,100,0,0,0.4719471947
WO_INV_0060,PPG700:100,2.6,92.95,0,100,0,0,0.4817310184
WO_INV_0061,PPG700:100,2.7,96.525,0,100,0,0,0.4911588856
WO_INV_0062,PPG700:100,2.8,100.1,0,100,0,0,0.5002498751
WO_INV_0063,PPG700:100,2.9,103.675,0,100,0,0,0.5090217258
WO_INV_0064,PPG700:100,3,107.25,0,100,0,0,0.517490953
WO_INV_0065,PPG1000:10+PPG2000:90,1.5,20.645625,0,0,10,90,0.1711261805
WO_INV_0066,PPG1000:10+PPG2000:90,1.6,22.022,0,0,10,90,0.1804756519
WO_INV_0067,PPG1000:10+PPG2000:90,1.7,23.398375,0,0,10,90,0.1896165569
WO_INV_0068,PPG1000:10+PPG2000:90,1.8,24.77475,0,0,10,90,0.1985557975
WO_INV_0069,PPG1000:10+PPG2000:90,1.9,26.151125,0,0,10,90,0.2072999745
WO_INV_0070,PPG1000:10+PPG2000:90,2,27.5275,0,0,10,90,0.2158554037
WO_INV_0071,PPG1000:10+PPG2000:90,2.1,28.903875,0,0,10,90,0.2242281312
WO_INV_0072,PPG1000:10+PPG2000:90,2.2,30.28025,0,0,10,90,0.2324239476
WO_INV_0073,PPG1000:10+PPG2000:90,2.3,31.656625,0,0,10,90,0.2404484013
WO_INV_0074,PPG1000:10+PPG2000:90,2.4,33.033,0,0,10,90,0.2483068111
WO_INV_0075,PPG1000:10+PPG2000:90,2.5,34.409375,0,0,10,90,0.256004278
WO_INV_0076,PPG1000:10+PPG2000:90,2.6,35.78575,0,0,10,90,0.2635456961
WO_INV_0077,PPG1000:10+PPG2000:90,2.7,37.162125,0,0,10,90,0.2709357631
WO_INV_0078,PPG1000:10+PPG2000:90,2.8,38.5385,0,0,10,90,0.27817899
WO_INV_0079,PPG1000:10+PPG2000:90,2.9,39.914875,0,0,10,90,0.2852797103
WO_INV_0080,PPG1000:10+PPG2000:90,3,41.29125,0,0,10,90,0.2922420886
WO_INV_0081,PPG1000:20+PPG2000:80,1.5,22.5225,0,0,20,80,0.1838233794
WO_INV_0082,PPG1000:20+PPG2000:80,1.6,24.024,0,0,20,80,0.1937044443
WO_INV_0083,PPG1000:20+PPG2000:80,1.7,25.5255,0,0,20,80,0.2033491203
WO_INV_0084,PPG1000:20+PPG2000:80,1.8,27.027,0,0,20,80,0.21276579
WO_INV_0085,PPG1000:20+PPG2000:80,1.9,28.5285,0,0,20,80,0.2219624441
WO_INV_0086,PPG1000:20+PPG2000:80,2,30.03,0,0,20,80,0.2309467046
WO_INV_0087,PPG1000:20+PPG2000:80,2.1,31.5315,0,0,20,80,0.2397258451
WO_INV_0088,PPG1000:20+PPG2000:80,2.2,33.033,0,0,20,80,0.2483068111
WO_INV_0089,PPG1000:20+PPG2000:80,2.3,34.5345,0,0,20,80,0.2566962378
WO_INV_0090,PPG1000:20+PPG2000:80,2.4,36.036,0,0,20,80,0.2649004675
WO_INV_0091,PPG1000:20+PPG2000:80,2.5,37.5375,0,0,20,80,0.2729255658
WO_INV_0092,PPG1000:20+PPG2000:80,2.6,39.039,0,0,20,80,0.2807773359
WO_INV_0093,PPG1000:20+PPG2000:80,2.7,40.5405,0,0,20,80,0.2884613332
WO_INV_0094,PPG1000:20+PPG2000:80,2.8,42.042,0,0,20,80,0.2959828783
WO_INV_0095,PPG1000:20+PPG2000:80,2.9,43.5435,0,0,20,80,0.303347069
WO_INV_0096,PPG1000:20+PPG2000:80,3,45.045,0,0,20,80,0.3105587921
WO_INV_0097,PPG1000:30+PPG2000:70,1.5,24.399375,0,0,30,70,0.1961374404
WO_INV_0098,PPG1000:30+PPG2000:70,1.6,26.026,0,0,30,70,0.2065129418
WO_INV_0099,PPG1000:30+PPG2000:70,1.7,27.652625,0,0,30,70,0.2166240216
WO_INV_0100,PPG1000:30+PPG2000:70,1.8,29.27925,0,0,30,70,0.226480661
WO_INV_0101,PPG1000:30+PPG2000:70,1.9,30.905875,0,0,30,70,0.236092345
WO_INV_0102,PPG1000:30+PPG2000:70,2,32.5325,0,0,30,70,0.2454680927
WO_INV_0103,PPG1000:30+PPG2000:70,2.1,34.159125,0,0,30,70,0.2546164862
WO_INV_0104,PPG1000:30+PPG2000:70,2.2,35.78575,0,0,30,70,0.2635456961
WO_INV_0105,PPG1000:30+PPG2000:70,2.3,37.412375,0,0,30,70,0.2722635061
WO_INV_0106,PPG1000:30+PPG2000:70,2.4,39.039,0,0,30,70,0.2807773359
WO_INV_0107,PPG1000:30+PPG2000:70,2.5,40.665625,0,0,30,70,0.2890942617
WO_INV_0108,PPG1000:30+PPG2000:70,2.6,42.29225,0,0,30,70,0.2972210363
WO_INV_0109,PPG1000:30+PPG2000:70,2.7,43.918875,0,0,30,70,0.3051641072
WO_INV_0110,PPG1000:30+PPG2000:70,2.8,45.5455,0,0,30,70,0.3129296337
WO_INV_0111,PPG1000:30+PPG2000:70,2.9,47.172125,0,0,30,70,0.3205235027
WO_INV_0112,PPG1000:30+PPG2000:70,3,48.79875,0,0,30,70,0.3279513437
WO_INV_0113,PPG1000:40+PPG2000:60,1.5,26.27625,0,0,40,60,0.2080854476
WO_INV_0114,PPG1000:40+PPG2000:60,1.6,28.028,0,0,40,60,0.2189208611
WO_INV_0115,PPG1000:40+PPG2000:60,1.7,29.77975,0,0,40,60,0.2294637646
WO_INV_0116,PPG1000:40+PPG2000:60,1.8,31.5315,0,0,40,60,0.2397258451
WO_INV_0117,PPG1000:40+PPG2000:60,1.9,33.28325,0,0,40,60,0.2497181754
WO_INV_0118,PPG1000:40+PPG2000:60,2,35.035,0,0,40,60,0.2594512534
WO_INV_0119,PPG1000:40+PPG2000:60,2.1,36.78675,0,0,40,60,0.2689350394
WO_INV_0120,PPG1000:40+PPG2000:60,2.2,38.5385,0,0,40,60,0.27817899
WO_INV_0121,PPG1000:40+PPG2000:60,2.3,40.29025,0,0,40,60,0.2871920893
WO_INV_0122,PPG1000:40+PPG2000:60,2.4,42.042,0,0,40,60,0.2959828783
WO_INV_0123,PPG1000:40+PPG2000:60,2.5,43.79375,0,0,40,60,0.3045594819
WO_INV_0124,PPG1000:40+PPG2000:60,2.6,45.5455,0,0,40,60,0.3129296337
WO_INV_0125,PPG1000:40+PPG2000:60,2.7,47.29725,0,0,40,60,0.3211006994
WO_INV_0126,PPG1000:40+PPG2000:60,2.8,49.049,0,0,40,60,0.3290796986
WO_INV_0127,PPG1000:40+PPG2000:60,2.9,50.80075,0,0,40,60,0.3368733246
WO_INV_0128,PPG1000:40+PPG2000:60,3,52.5525,0,0,40,60,0.3444879632
WO_INV_0129,PPG1000:50+PPG2000:50,1.5,28.153125,0,0,50,50,0.2196834841
WO_INV_0130,PPG1000:50+PPG2000:50,1.6,30.03,0,0,50,50,0.2309467046
WO_INV_0131,PPG1000:50+PPG2000:50,1.7,31.906875,0,0,50,50,0.2418894011
WO_INV_0132,PPG1000:50+PPG2000:50,1.8,33.78375,0,0,50,50,0.2525250638
WO_INV_0133,PPG1000:50+PPG2000:50,1.9,35.660625,0,0,50,50,0.262866436
WO_INV_0134,PPG1000:50+PPG2000:50,2,37.5375,0,0,50,50,0.2729255658
WO_INV_0135,PPG1000:50+PPG2000:50,2.1,39.414375,0,0,50,50,0.2827138521
WO_INV_0136,PPG1000:50+PPG2000:50,2.2,41.29125,0,0,50,50,0.2922420886
WO_INV_0137,PPG1000:50+PPG2000:50,2.3,43.168125,0,0,50,50,0.3015205026
WO_INV_0138,PPG1000:50+PPG2000:50,2.4,45.045,0,0,50,50,0.3105587921
WO_INV_0139,PPG1000:50+PPG2000:50,2.5,46.921875,0,0,50,50,0.3193661597
WO_INV_0140,PPG1000:50+PPG2000:50,2.6,48.79875,0,0,50,50,0.3279513437
WO_INV_0141,PPG1000:50+PPG2000:50,2.7,50.675625,0,0,50,50,0.3363226467
WO_INV_0142,PPG1000:50+PPG2000:50,2.8,52.5525,0,0,50,50,0.3444879632
WO_INV_0143,PPG1000:50+PPG2000:50,2.9,54.429375,0,0,50,50,0.3524548034
WO_INV_0144,PPG1000:50+PPG2000:50,3,56.30625,0,0,50,50,0.3602303171
WO_INV_0145,PPG1000:60+PPG2000:40,1.5,30.03,0,0,60,40,0.2309467046
WO_INV_0146,PPG1000:60+PPG2000:40,1.6,32.032,0,0,60,40,0.2426078526
WO_INV_0147,PPG1000:60+PPG2000:40,1.7,34.034,0,0,60,40,0.253920647
WO_INV_0148,PPG1000:60+PPG2000:40,1.8,36.036,0,0,60,40,0.2649004675
WO_INV_0149,PPG1000:60+PPG2000:40,1.9,38.038,0,0,60,40,0.2755618018
WO_INV_0150,PPG1000:60+PPG2000:40,2,40.04,0,0,60,40,0.2859183091
WO_INV_0151,PPG1000:60+PPG2000:40,2.1,42.042,0,0,60,40,0.2959828783
WO_INV_0152,PPG1000:60+PPG2000:40,2.2,44.044,0,0,60,40,0.3057676821
WO_INV_0153,PPG1000:60+PPG2000:40,2.3,46.046,0,0,60,40,0.3152842255
WO_INV_0154,PPG1000:60+PPG2000:40,2.4,48.048,0,0,60,40,0.3245433913
WO_INV_0155,PPG1000:60+PPG2000:40,2.5,50.05,0,0,60,40,0.3335554815
WO_INV_0156,PPG1000:60+PPG2000:40,2.6,52.052,0,0,60,40,0.3423302554
WO_INV_0157,PPG1000:60+PPG2000:40,2.7,54.054,0,0,60,40,0.3508769652
WO_INV_0158,PPG1000:60+PPG2000:40,2.8,56.056,0,0,60,40,0.3592043882
WO_INV_0159,PPG1000:60+PPG2000:40,2.9,58.058,0,0,60,40,0.3673208569
WO_INV_0160,PPG1000:60+PPG2000:40,3,60.06,0,0,60,40,0.3752342871
WO_INV_0161,PPG1000:70+PPG2000:30,1.5,31.906875,0,0,70,30,0.2418894011
WO_INV_0162,PPG1000:70+PPG2000:30,1.6,34.034,0,0,70,30,0.253920647
WO_INV_0163,PPG1000:70+PPG2000:30,1.7,36.161125,0,0,70,30,0.2655759858
WO_INV_0164,PPG1000:70+PPG2000:30,1.8,38.28825,0,0,70,30,0.276872764
WO_INV_0165,PPG1000:70+PPG2000:30,1.9,40.415375,0,0,70,30,0.2878272767
WO_INV_0166,PPG1000:70+PPG2000:30,2,42.5425,0,0,70,30,0.2984548468
WO_INV_0167,PPG1000:70+PPG2000:30,2.1,44.669625,0,0,70,30,0.3087698955
WO_INV_0168,PPG1000:70+PPG2000:30,2.2,46.79675,0,0,70,30,0.3187860085
WO_INV_0169,PPG1000:70+PPG2000:30,2.3,48.923875,0,0,70,30,0.3285159952
WO_INV_0170,PPG1000:70+PPG2000:30,2.4,51.051,0,0,70,30,0.3379719433
WO_INV_0171,PPG1000:70+PPG2000:30,2.5,53.178125,0,0,70,30,0.3471652692
WO_INV_0172,PPG1000:70+PPG2000:30,2.6,55.30525,0,0,70,30,0.3561067639
WO_INV_0173,PPG1000:70+PPG2000:30,2.7,57.432375,0,0,70,30,0.3648066352
WO_INV_0174,PPG1000:70+PPG2000:30,2.8,59.5595,0,0,70,30,0.3732745465
WO_INV_0175,PPG1000:70+PPG2000:30,2.9,61.686625,0,0,70,30,0.3815196526
WO_INV_0176,PPG1000:70+PPG2000:30,3,63.81375,0,0,70,30,0.389550633
WO_INV_0177,PPG1000:80+PPG2000:20,1.5,33.78375,0,0,80,20,0.2525250638
WO_INV_0178,PPG1000:80+PPG2000:20,1.6,36.036,0,0,80,20,0.2649004675
WO_INV_0179,PPG1000:80+PPG2000:20,1.7,38.28825,0,0,80,20,0.276872764
WO_INV_0180,PPG1000:80+PPG2000:20,1.8,40.5405,0,0,80,20,0.2884613332
WO_INV_0181,PPG1000:80+PPG2000:20,1.9,42.79275,0,0,80,20,0.2996843327
WO_INV_0182,PPG1000:80+PPG2000:20,2,45.045,0,0,80,20,0.3105587921
WO_INV_0183,PPG1000:80+PPG2000:20,2.1,47.29725,0,0,80,20,0.3211006994
WO_INV_0184,PPG1000:80+PPG2000:20,2.2,49.5495,0,0,80,20,0.3313250797
WO_INV_0185,PPG1000:80+PPG2000:20,2.3,51.80175,0,0,80,20,0.341246066
WO_INV_0186,PPG1000:80+PPG2000:20,2.4,54.054,0,0,80,20,0.3508769652
WO_INV_0187,PPG1000:80+PPG2000:20,2.5,56.30625,0,0,80,20,0.3602303171
WO_INV_0188,PPG1000:80+PPG2000:20,2.6,58.5585,0,0,80,20,0.3693179489
WO_INV_0189,PPG1000:80+PPG2000:20,2.7,60.81075,0,0,80,20,0.3781510254
WO_INV_0190,PPG1000:80+PPG2000:20,2.8,63.063,0,0,80,20,0.3867400943
WO_INV_0191,PPG1000:80+PPG2000:20,2.9,65.31525,0,0,80,20,0.3950951289
WO_INV_0192,PPG1000:80+PPG2000:20,3,67.5675,0,0,80,20,0.4032255658
WO_INV_0193,PPG1000:90+PPG2000:10,1.5,35.660625,0,0,90,10,0.262866436
WO_INV_0194,PPG1000:90+PPG2000:10,1.6,38.038,0,0,90,10,0.2755618018
WO_INV_0195,PPG1000:90+PPG2000:10,1.7,40.415375,0,0,90,10,0.2878272767
WO_INV_0196,PPG1000:90+PPG2000:10,1.8,42.79275,0,0,90,10,0.2996843327
WO_INV_0197,PPG1000:90+PPG2000:10,1.9,45.170125,0,0,90,10,0.3111530351
WO_INV_0198,PPG1000:90+PPG2000:10,2,47.5475,0,0,90,10,0.3222521561
WO_INV_0199,PPG1000:90+PPG2000:10,2.1,49.924875,0,0,90,10,0.3329992771
WO_INV_0200,PPG1000:90+PPG2000:10,2.2,52.30225,0,0,90,10,0.343410882
WO_INV_0201,PPG1000:90+PPG2000:10,2.3,54.679625,0,0,90,10,0.3535024409
WO_INV_0202,PPG1000:90+PPG2000:10,2.4,57.057,0,0,90,10,0.3632884876
WO_INV_0203,PPG1000:90+PPG2000:10,2.5,59.434375,0,0,90,10,0.3727826888
WO_INV_0204,PPG1000:90+PPG2000:10,2.6,61.81175,0,0,90,10,0.3819979081
WO_INV_0205,PPG1000:90+PPG2000:10,2.7,64.189125,0,0,90,10,0.390946264
WO_INV_0206,PPG1000:90+PPG2000:10,2.8,66.5665,0,0,90,10,0.3996391831
WO_INV_0207,PPG1000:90+PPG2000:10,2.9,68.943875,0,0,90,10,0.4080874492
WO_INV_0208,PPG1000:90+PPG2000:10,3,71.32125,0,0,90,10,0.4163012469
WO_INV_0209,PPG1000:10+PPG400:90,1.5,88.213125,90,0,10,0,0.4686874255
WO_INV_0210,PPG1000:10+PPG400:90,1.6,94.094,90,0,10,0,0.4847857224
WO_INV_0211,PPG1000:10+PPG400:90,1.7,99.974875,90,0,10,0,0.4999371796
WO_INV_0212,PPG1000:10+PPG400:90,1.8,105.85575,90,0,10,0,0.514222945
WO_INV_0213,PPG1000:10+PPG400:90,1.9,111.736625,90,0,10,0,0.5277151508
WO_INV_0214,PPG1000:10+PPG400:90,2,117.6175,90,0,10,0,0.5404781325
WO_INV_0215,PPG1000:10+PPG400:90,2.1,123.498375,90,0,10,0,0.5525694538
WO_INV_0216,PPG1000:10+PPG400:90,2.2,129.37925,90,0,10,0,0.5640407753
WO_INV_0217,PPG1000:10+PPG400:90,2.3,135.260125,90,0,10,0,0.5749385919
WO_INV_0218,PPG1000:10+PPG400:90,2.4,141.141,90,0,10,0,0.5853048631
WO_INV_0219,PPG1000:10+PPG400:90,2.5,147.021875,90,0,10,0,0.5951775526
WO_INV_0220,PPG1000:10+PPG400:90,2.6,152.90275,90,0,10,0,0.6045910928
WO_INV_0221,PPG1000:10+PPG400:90,2.7,158.783625,90,0,10,0,0.6135767864
WO_INV_0222,PPG1000:10+PPG400:90,2.8,164.6645,90,0,10,0,0.6221631537
WO_INV_0223,PPG1000:10+PPG400:90,2.9,170.545375,90,0,10,0,0.6303762354
WO_INV_0224,PPG1000:10+PPG400:90,3,176.42625,90,0,10,0,0.638239856
WO_INV_0225,PPG1000:20+PPG400:80,1.5,82.5825,80,0,20,0,0.4523023839
WO_INV_0226,PPG1000:20+PPG400:80,1.6,88.088,80,0,20,0,0.4683339713
WO_INV_0227,PPG1000:20+PPG400:80,1.7,93.5935,80,0,20,0,0.4834537317
WO_INV_0228,PPG1000:20+PPG400:80,1.8,99.099,80,0,20,0,0.4977373066
WO_INV_0229,PPG1000:20+PPG400:80,1.9,104.6045,80,0,20,0,0.5112521963
WO_INV_0230,PPG1000:20+PPG400:80,2,110.11,80,0,20,0,0.5240588263
WO_INV_0231,PPG1000:20+PPG400:80,2.1,115.6155,80,0,20,0,0.5362114505
WO_INV_0232,PPG1000:20+PPG400:80,2.2,121.121,80,0,20,0,0.5477589193
WO_INV_0233,PPG1000:20+PPG400:80,2.3,126.6265,80,0,20,0,0.5587453365
WO_INV_0234,PPG1000:20+PPG400:80,2.4,132.132,80,0,20,0,0.5692106215
WO_INV_0235,PPG1000:20+PPG400:80,2.5,137.6375,80,0,20,0,0.5791909947
WO_INV_0236,PPG1000:20+PPG400:80,2.6,143.143,80,0,20,0,0.5887193956
WO_INV_0237,PPG1000:20+PPG400:80,2.7,148.6485,80,0,20,0,0.5978258465
WO_INV_0238,PPG1000:20+PPG400:80,2.8,154.154,80,0,20,0,0.6065377684
WO_INV_0239,PPG1000:20+PPG400:80,2.9,159.6595,80,0,20,0,0.6148802566
WO_INV_0240,PPG1000:20+PPG400:80,3,165.165,80,0,20,0,0.6228763223
WO_INV_0241,PPG1000:30+PPG400:70,1.5,76.951875,70,0,30,0,0.4348745951
WO_INV_0242,PPG1000:30+PPG400:70,1.6,82.082,70,0,30,0,0.4507968937
WO_INV_0243,PPG1000:30+PPG400:70,1.7,87.212125,70,0,30,0,0.4658465631
WO_INV_0244,PPG1000:30+PPG400:70,1.8,92.34225,70,0,30,0,0.4800934272
WO_INV_0245,PPG1000:30+PPG400:70,1.9,97.472375,70,0,30,0,0.4936000542
WO_INV_0246,PPG1000:30+PPG400:70,2,102.6025,70,0,30,0,0.5064226749
WO_INV_0247,PPG1000:30+PPG400:70,2.1,107.732625,70,0,30,0,0.5186119657
WO_INV_0248,PPG1000:30+PPG400:70,2.2,112.86275,70,0,30,0,0.5302137175
WO_INV_0249,PPG1000:30+PPG400:70,2.3,117.992875,70,0,30,0,0.5412694108
WO_INV_0250,PPG1000:30+PPG400:70,2.4,123.123,70,0,30,0,0.551816711
WO_INV_0251,PPG1000:30+PPG400:70,2.5,128.253125,70,0,30,0,0.5618898975
WO_INV_0252,PPG1000:30+PPG400:70,2.6,133.38325,70,0,30,0,0.5715202355
WO_INV_0253,PPG1000:30+PPG400:70,2.7,138.513375,70,0,30,0,0.5807363004
WO_INV_0254,PPG1000:30+PPG400:70,2.8,143.6435,70,0,30,0,0.5895642609
WO_INV_0255,PPG1000:30+PPG400:70,2.9,148.773625,70,0,30,0,0.598028127
WO_INV_0256,PPG1000:30+PPG400:70,3,153.90375,70,0,30,0,0.6061499682
WO_INV_0257,PPG1000:40+PPG400:60,1.5,71.32125,60,0,40,0,0.4163012469
WO_INV_0258,PPG1000:40+PPG400:60,1.6,76.076,60,0,40,0,0.4320634272
WO_INV_0259,PPG1000:40+PPG400:60,1.7,80.83075,60,0,40,0,0.4469967082
WO_INV_0260,PPG1000:40+PPG400:60,1.8,85.5855,60,0,40,0,0.4611648001
WO_INV_0261,PPG1000:40+PPG400:60,1.9,90.34025,60,0,40,0,0.4746250465
WO_INV_0262,PPG1000:40+PPG400:60,2,95.095,60,0,40,0,0.4874292012
WO_INV_0263,PPG1000:40+PPG400:60,2.1,99.84975,60,0,40,0,0.4996240926
WO_INV_0264,PPG1000:40+PPG400:60,2.2,104.6045,60,0,40,0,0.5112521963
WO_INV_0265,PPG1000:40+PPG400:60,2.3,109.35925,60,0,40,0,0.5223521292
WO_INV_0266,PPG1000:40+PPG400:60,2.4,114.114,60,0,40,0,0.5329590779
WO_INV_0267,PPG1000:40+PPG400:60,2.5,118.86875,60,0,40,0,0.5431051715
WO_INV_0268,PPG1000:40+PPG400:60,2.6,123.6235,60,0,40,0,0.5528198065
WO_INV_0269,PPG1000:40+PPG400:60,2.7,128.37825,60,0,40,0,0.5621299314
WO_INV_0270,PPG1000:40+PPG400:60,2.8,133.133,60,0,40,0,0.5710602961
WO_INV_0271,PPG1000:40+PPG400:60,2.9,137.88775,60,0,40,0,0.5796336718
WO_INV_0272,PPG1000:40+PPG400:60,3,142.6425,60,0,40,0,0.5878710448
WO_INV_0273,PPG1000:50+PPG400:50,1.5,65.690625,50,0,50,0,0.3964655514
WO_INV_0274,PPG1000:50+PPG400:50,1.6,70.07,50,0,50,0,0.4120068207
WO_INV_0275,PPG1000:50+PPG400:50,1.7,74.449375,50,0,50,0,0.4267677944
WO_INV_0276,PPG1000:50+PPG400:50,1.8,78.82875,50,0,50,0,0.4408057988
WO_INV_0277,PPG1000:50+PPG400:50,1.9,83.208125,50,0,50,0,0.4541726793
WO_INV_0278,PPG1000:50+PPG400:50,2,87.5875,50,0,50,0,0.4669154395
WO_INV_0279,PPG1000:50+PPG400:50,2.1,91.966875,50,0,50,0,0.4790767938
WO_INV_0280,PPG1000:50+PPG400:50,2.2,96.34625,50,0,50,0,0.4906956461
WO_INV_0281,PPG1000:50+PPG400:50,2.3,100.725625,50,0,50,0,0.5018075046
WO_INV_0282,PPG1000:50+PPG400:50,2.4,105.105,50,0,50,0,0.5124448453
WO_INV_0283,PPG1000:50+PPG400:50,2.5,109.484375,50,0,50,0,0.5226374282
WO_INV_0284,PPG1000:50+PPG400:50,2.6,113.86375,50,0,50,0,0.5324125758
WO_INV_0285,PPG1000:50+PPG400:50,2.7,118.243125,50,0,50,0,0.5417954174
WO_INV_0286,PPG1000:50+PPG400:50,2.8,122.6225,50,0,50,0,0.5508091051
WO_INV_0287,PPG1000:50+PPG400:50,2.9,127.001875,50,0,50,0,0.5594750043
WO_INV_0288,PPG1000:50+PPG400:50,3,131.38125,50,0,50,0,0.567812863
WO_INV_0289,PPG1000:60+PPG400:40,1.5,60.06,40,0,60,0,0.3752342871
WO_INV_0290,PPG1000:60+PPG400:40,1.6,64.064,40,0,60,0,0.3904817632
WO_INV_0291,PPG1000:60+PPG400:40,1.7,68.068,40,0,60,0,0.405002737
WO_INV_0292,PPG1000:60+PPG400:40,1.8,72.072,40,0,60,0,0.4188479241
WO_INV_0293,PPG1000:60+PPG400:40,1.9,76.076,40,0,60,0,0.4320634272
WO_INV_0294,PPG1000:60+PPG400:40,2,80.08,40,0,60,0,0.4446912483
WO_INV_0295,PPG1000:60+PPG400:40,2.1,84.084,40,0,60,0,0.4567697356
WO_INV_0296,PPG1000:60+PPG400:40,2.2,88.088,40,0,60,0,0.4683339713
WO_INV_0297,PPG1000:60+PPG400:40,2.3,92.092,40,0,60,0,0.4794161131
WO_INV_0298,PPG1000:60+PPG400:40,2.4,96.096,40,0,60,0,0.4900456919
WO_INV_0299,PPG1000:60+PPG400:40,2.5,100.1,40,0,60,0,0.5002498751
WO_INV_0300,PPG1000:60+PPG400:40,2.6,104.104,40,0,60,0,0.5100536981
WO_INV_0301,PPG1000:60+PPG400:40,2.7,108.108,40,0,60,0,0.5194802699
WO_INV_0302,PPG1000:60+PPG400:40,2.8,112.112,40,0,60,0,0.5285509542
WO_INV_0303,PPG1000:60+PPG400:40,2.9,116.116,40,0,60,0,0.5372855318
WO_INV_0304,PPG1000:60+PPG400:40,3,120.12,40,0,60,0,0.5457023442
WO_INV_0305,PPG1000:70+PPG400:30,1.5,54.429375,30,0,70,0,0.3524548034
WO_INV_0306,PPG1000:70+PPG400:30,1.6,58.058,30,0,70,0,0.3673208569
WO_INV_0307,PPG1000:70+PPG400:30,1.7,61.686625,30,0,70,0,0.3815196526
WO_INV_0308,PPG1000:70+PPG400:30,1.8,65.31525,30,0,70,0,0.3950951289
WO_INV_0309,PPG1000:70+PPG400:30,1.9,68.943875,30,0,70,0,0.4080874492
WO_INV_0310,PPG1000:70+PPG400:30,2,72.5725,30,0,70,0,0.420533399
WO_INV_0311,PPG1000:70+PPG400:30,2.1,76.201125,30,0,70,0,0.4324667337
WO_INV_0312,PPG1000:70+PPG400:30,2.2,79.82975,30,0,70,0,0.443918484
WO_INV_0313,PPG1000:70+PPG400:30,2.3,83.458375,30,0,70,0,0.4549172258
WO_INV_0314,PPG1000:70+PPG400:30,2.4,87.087,30,0,70,0,0.4654893178
WO_INV_0315,PPG1000:70+PPG400:30,2.5,90.715625,30,0,70,0,0.4756591129
WO_INV_0316,PPG1000:70+PPG400:30,2.6,94.34425,30,0,70,0,0.485449145
WO_INV_0317,PPG1000:70+PPG400:30,2.7,97.972875,30,0,70,0,0.4948802961
WO_INV_0318,PPG1000:70+PPG400:30,2.8,101.6015,30,0,70,0,0.5039719447
WO_INV_0319,PPG1000:70+PPG400:30,2.9,105.230125,30,0,70,0,0.5127420987
WO_INV_0320,PPG1000:70+PPG400:30,3,108.85875,30,0,70,0,0.5212075146
WO_INV_0321,PPG1000:80+PPG400:20,1.5,48.79875,20,0,80,0,0.3279513437
WO_INV_0322,PPG1000:80+PPG400:20,1.6,52.052,20,0,80,0,0.3423302554
WO_INV_0323,PPG1000:80+PPG400:20,1.7,55.30525,20,0,80,0,0.3561067639
WO_INV_0324,PPG1000:80+PPG400:20,1.8,58.5585,20,0,80,0,0.3693179489
WO_INV_0325,PPG1000:80+PPG400:20,1.9,61.81175,20,0,80,0,0.3819979081
WO_INV_0326,PPG1000:80+PPG400:20,2,65.065,20,0,80,0,0.3941780511
WO_INV_0327,PPG1000:80+PPG400:20,2.1,68.31825,20,0,80,0,0.4058873592
WO_INV_0328,PPG1000:80+PPG400:20,2.2,71.5715,20,0,80,0,0.4171526157
WO_INV_0329,PPG1000:80+PPG400:20,2.3,74.82475,20,0,80,0,0.42799861
WO_INV_0330,PPG1000:80+PPG400:20,2.4,78.078,20,0,80,0,0.4384483204
WO_INV_0331,PPG1000:80+PPG400:20,2.5,81.33125,20,0,80,0,0.4485230759
WO_INV_0332,PPG1000:80+PPG400:20,2.6,84.5845,20,0,80,0,0.4582427019
WO_INV_0333,PPG1000:80+PPG400:20,2.7,87.83775,20,0,80,0,0.4676256503
WO_INV_0334,PPG1000:80+PPG400:20,2.8,91.091,20,0,80,0,0.4766891167
WO_INV_0335,PPG1000:80+PPG400:20,2.9,94.34425,20,0,80,0,0.485449145
WO_INV_0336,PPG1000:80+PPG400:20,3,97.5975,20,0,80,0,0.4939207227
WO_INV_0337,PPG1000:90+PPG400:10,1.5,43.168125,10,0,90,0,0.3015205026
WO_INV_0338,PPG1000:90+PPG400:10,1.6,46.046,10,0,90,0,0.3152842255
WO_INV_0339,PPG1000:90+PPG400:10,1.7,48.923875,10,0,90,0,0.3285159952
WO_INV_0340,PPG1000:90+PPG400:10,1.8,51.80175,10,0,90,0,0.341246066
WO_INV_0341,PPG1000:90+PPG400:10,1.9,54.679625,10,0,90,0,0.3535024409
WO_INV_0342,PPG1000:90+PPG400:10,2,57.5575,10,0,90,0,0.3653110769
WO_INV_0343,PPG1000:90+PPG400:10,2.1,60.435375,10,0,90,0,0.3766960684
WO_INV_0344,PPG1000:90+PPG400:10,2.2,63.31325,10,0,90,0,0.3876798117
WO_INV_0345,PPG1000:90+PPG400:10,2.3,66.191125,10,0,90,0,0.3982831514
WO_INV_0346,PPG1000:90+PPG400:10,2.4,69.069,10,0,90,0,0.4085255133
WO_INV_0347,PPG1000:90+PPG400:10,2.5,71.946875,10,0,90,0,0.4184250223
WO_INV_0348,PPG1000:90+PPG400:10,2.6,74.82475,10,0,90,0,0.42799861
WO_INV_0349,PPG1000:90+PPG400:10,2.7,77.702625,10,0,90,0,0.4372621114
WO_INV_0350,PPG1000:90+PPG400:10,2.8,80.5805,10,0,90,0,0.4462303516
WO_INV_0351,PPG1000:90+PPG400:10,2.9,83.458375,10,0,90,0,0.4549172258
WO_INV_0352,PPG1000:90+PPG400:10,3,86.33625,10,0,90,0,0.4633357707
WO_INV_0353,PPG1000:10+PPG700:90,1.5,52.01625,0,90,10,0,0.3421755898
WO_INV_0354,PPG1000:10+PPG700:90,1.6,55.484,0,90,10,0,0.3568470068
WO_INV_0355,PPG1000:10+PPG700:90,1.7,58.95175,0,90,10,0,0.3708782697
WO_INV_0356,PPG1000:10+PPG700:90,1.8,62.4195,0,90,10,0,0.3843103815
WO_INV_0357,PPG1000:10+PPG700:90,1.9,65.88725,0,90,10,0,0.3971809166
WO_INV_0358,PPG1000:10+PPG700:90,2,69.355,0,90,10,0,0.4095243719
WO_INV_0359,PPG1000:10+PPG700:90,2.1,72.82275,0,90,10,0,0.4213724756
WO_INV_0360,PPG1000:10+PPG700:90,2.2,76.2905,0,90,10,0,0.4327544593
WO_INV_0361,PPG1000:10+PPG700:90,2.3,79.75825,0,90,10,0,0.443697299
WO_INV_0362,PPG1000:10+PPG700:90,2.4,83.226,0,90,10,0,0.4542259286
WO_INV_0363,PPG1000:10+PPG700:90,2.5,86.69375,0,90,10,0,0.4643634294
WO_INV_0364,PPG1000:10+PPG700:90,2.6,90.1615,0,90,10,0,0.474131199
WO_INV_0365,PPG1000:10+PPG700:90,2.7,93.62925,0,90,10,0,0.4835491022
WO_INV_0366,PPG1000:10+PPG700:90,2.8,97.097,0,90,10,0,0.4926356058
WO_INV_0367,PPG1000:10+PPG700:90,2.9,100.56475,0,90,10,0,0.5014078994
WO_INV_0368,PPG1000:10+PPG700:90,3,104.0325,0,90,10,0,0.5098820041
WO_INV_0369,PPG1000:20+PPG700:80,1.5,50.4075,0,80,20,0,0.3351395376
WO_INV_0370,PPG1000:20+PPG700:80,1.6,53.768,0,80,20,0,0.3496696322
WO_INV_0371,PPG1000:20+PPG700:80,1.7,57.1285,0,80,20,0,0.3635782178
WO_INV_0372,PPG1000:20+PPG700:80,1.8,60.489,0,80,20,0,0.3769043361
WO_INV_0373,PPG1000:20+PPG700:80,1.9,63.8495,0,80,20,0,0.3896838257
WO_INV_0374,PPG1000:20+PPG700:80,2,67.21,0,80,20,0,0.4019496442
WO_INV_0375,PPG1000:20+PPG700:80,2.1,70.5705,0,80,20,0,0.4137321518
WO_INV_0376,PPG1000:20+PPG700:80,2.2,73.931,0,80,20,0,0.4250593626
WO_INV_0377,PPG1000:20+PPG700:80,2.3,77.2915,0,80,20,0,0.4359571666
WO_INV_0378,PPG1000:20+PPG700:80,2.4,80.652,0,80,20,0,0.4464495273
WO_INV_0379,PPG1000:20+PPG700:80,2.5,84.0125,0,80,20,0,0.4565586577
WO_INV_0380,PPG1000:20+PPG700:80,2.6,87.373,0,80,20,0,0.4663051774
WO_INV_0381,PPG1000:20+PPG700:80,2.7,90.7335,0,80,20,0,0.4757082526
WO_INV_0382,PPG1000:20+PPG700:80,2.8,94.094,0,80,20,0,0.4847857224
WO_INV_0383,PPG1000:20+PPG700:80,2.9,97.4545,0,80,20,0,0.4935542112
WO_INV_0384,PPG1000:20+PPG700:80,3,100.815,0,80,20,0,0.5020292309
WO_INV_0385,PPG1000:30+PPG700:70,1.5,48.79875,0,70,30,0,0.3279513437
WO_INV_0386,PPG1000:30+PPG700:70,1.6,52.052,0,70,30,0,0.3423302554
WO_INV_0387,PPG1000:30+PPG700:70,1.7,55.30525,0,70,30,0,0.3561067639
WO_INV_0388,PPG1000:30+PPG700:70,1.8,58.5585,0,70,30,0,0.3693179489
WO_INV_0389,PPG1000:30+PPG700:70,1.9,61.81175,0,70,30,0,0.3819979081
WO_INV_0390,PPG1000:30+PPG700:70,2,65.065,0,70,30,0,0.3941780511
WO_INV_0391,PPG1000:30+PPG700:70,2.1,68.31825,0,70,30,0,0.4058873592
WO_INV_0392,PPG1000:30+PPG700:70,2.2,71.5715,0,70,30,0,0.4171526157
WO_INV_0393,PPG1000:30+PPG700:70,2.3,74.82475,0,70,30,0,0.42799861
WO_INV_0394,PPG1000:30+PPG700:70,2.4,78.078,0,70,30,0,0.4384483204
WO_INV_0395,PPG1000:30+PPG700:70,2.5,81.33125,0,70,30,0,0.4485230759
WO_INV_0396,PPG1000:30+PPG700:70,2.6,84.5845,0,70,30,0,0.4582427019
WO_INV_0397,PPG1000:30+PPG700:70,2.7,87.83775,0,70,30,0,0.4676256503
WO_INV_0398,PPG1000:30+PPG700:70,2.8,91.091,0,70,30,0,0.4766891167
WO_INV_0399,PPG1000:30+PPG700:70,2.9,94.34425,0,70,30,0,0.485449145
WO_INV_0400,PPG1000:30+PPG700:70,3,97.5975,0,70,30,0,0.4939207227
WO_INV_0401,PPG1000:40+PPG700:60,1.5,47.19,0,60,40,0,0.3206060194
WO_INV_0402,PPG1000:40+PPG700:60,1.6,50.336,0,60,40,0,0.3348233291
WO_INV_0403,PPG1000:40+PPG700:60,1.7,53.482,0,60,40,0,0.3484577996
WO_INV_0404,PPG1000:40+PPG700:60,1.8,56.628,0,60,40,0,0.3615445514
WO_INV_0405,PPG1000:40+PPG700:60,1.9,59.774,0,60,40,0,0.3741159388
WO_INV_0406,PPG1000:40+PPG700:60,2,62.92,0,60,40,0,0.3862018168
WO_INV_0407,PPG1000:40+PPG700:60,2.1,66.066,0,60,40,0,0.3978297785
WO_INV_0408,PPG1000:40+PPG700:60,2.2,69.212,0,60,40,0,0.4090253646
WO_INV_0409,PPG1000:40+PPG700:60,2.3,72.358,0,60,40,0,0.4198122512
WO_INV_0410,PPG1000:40+PPG700:60,2.4,75.504,0,60,40,0,0.4302124168
WO_INV_0411,PPG1000:40+PPG700:60,2.5,78.65,0,60,40,0,0.4402462916
WO_INV_0412,PPG1000:40+PPG700:60,2.6,81.796,0,60,40,0,0.4499328918
WO_INV_0413,PPG1000:40+PPG700:60,2.7,84.942,0,60,40,0,0.4592899395
WO_INV_0414,PPG1000:40+PPG700:60,2.8,88.088,0,60,40,0,0.4683339713
WO_INV_0415,PPG1000:40+PPG700:60,2.9,91.234,0,60,40,0,0.4770804355
WO_INV_0416,PPG1000:40+PPG700:60,3,94.38,0,60,40,0,0.4855437802
WO_INV_0417,PPG1000:50+PPG700:50,1.5,45.58125,0,50,50,0,0.3130983557
WO_INV_0418,PPG1000:50+PPG700:50,1.6,48.62,0,50,50,0,0.3271430494
WO_INV_0419,PPG1000:50+PPG700:50,1.7,51.65875,0,50,50,0,0.3406249227
WO_INV_0420,PPG1000:50+PPG700:50,1.8,54.6975,0,50,50,0,0.3535771425
WO_INV_0421,PPG1000:50+PPG700:50,1.9,57.73625,0,50,50,0,0.3660303196
WO_INV_0422,PPG1000:50+PPG700:50,2,60.775,0,50,50,0,0.3780127507
WO_INV_0423,PPG1000:50+PPG700:50,2.1,63.81375,0,50,50,0,0.389550633
WO_INV_0424,PPG1000:50+PPG700:50,2.2,66.8525,0,50,50,0,0.4006682549
WO_INV_0425,PPG1000:50+PPG700:50,2.3,69.89125,0,50,50,0,0.4113881674
WO_INV_0426,PPG1000:50+PPG700:50,2.4,72.93,0,50,50,0,0.4217313364
WO_INV_0427,PPG1000:50+PPG700:50,2.5,75.96875,0,50,50,0,0.4317172793
WO_INV_0428,PPG1000:50+PPG700:50,2.6,79.0075,0,50,50,0,0.4413641887
WO_INV_0429,PPG1000:50+PPG700:50,2.7,82.04625,0,50,50,0,0.4506890419
WO_INV_0430,PPG1000:50+PPG700:50,2.8,85.085,0,50,50,0,0.4597077019
WO_INV_0431,PPG1000:50+PPG700:50,2.9,88.12375,0,50,50,0,0.4684350062
WO_INV_0432,PPG1000:50+PPG700:50,3,91.1625,0,50,50,0,0.4768848493
WO_INV_0433,PPG1000:60+PPG700:40,1.5,43.9725,0,40,60,0,0.3054229106
WO_INV_0434,PPG1000:60+PPG700:40,1.6,46.904,0,40,60,0,0.3192833415
WO_INV_0435,PPG1000:60+PPG700:40,1.7,49.8355,0,40,60,0,0.3326014196
WO_INV_0436,PPG1000:60+PPG700:40,1.8,52.767,0,40,60,0,0.345408367
WO_INV_0437,PPG1000:60+PPG700:40,1.9,55.6985,0,40,60,0,0.3577330546
WO_INV_0438,PPG1000:60+PPG700:40,2,58.63,0,40,60,0,0.369602219
WO_INV_0439,PPG1000:60+PPG700:40,2.1,61.5615,0,40,60,0,0.3810406563
WO_INV_0440,PPG1000:60+PPG700:40,2.2,64.493,0,40,60,0,0.3920713951
WO_INV_0441,PPG1000:60+PPG700:40,2.3,67.4245,0,40,60,0,0.402715851
WO_INV_0442,PPG1000:60+PPG700:40,2.4,70.356,0,40,60,0,0.4129939656
WO_INV_0443,PPG1000:60+PPG700:40,2.5,73.2875,0,40,60,0,0.422924331
WO_INV_0444,PPG1000:60+PPG700:40,2.6,76.219,0,40,60,0,0.4325243021
WO_INV_0445,PPG1000:60+PPG700:40,2.7,79.1505,0,40,60,0,0.4418100982
WO_INV_0446,PPG1000:60+PPG700:40,2.8,82.082,0,40,60,0,0.4507968937
WO_INV_0447,PPG1000:60+PPG700:40,2.9,85.0135,0,40,60,0,0.4594989014
WO_INV_0448,PPG1000:60+PPG700:40,3,87.945,0,40,60,0,0.4679294474
WO_INV_0449,PPG1000:70+PPG700:30,1.5,42.36375,0,30,70,0,0.2975739962
WO_INV_0450,PPG1000:70+PPG700:30,1.6,45.188,0,30,70,0,0.3112378433
WO_INV_0451,PPG1000:70+PPG700:30,1.7,48.01225,0,30,70,0,0.3243802456
WO_INV_0452,PPG1000:70+PPG700:30,1.8,50.8365,0,30,70,0,0.3370304933
WO_INV_0453,PPG1000:70+PPG700:30,1.9,53.66075,0,30,70,0,0.3492157236
WO_INV_0454,PPG1000:70+PPG700:30,2,56.485,0,30,70,0,0.3609611145
WO_INV_0455,PPG1000:70+PPG700:30,2.1,59.30925,0,30,70,0,0.3722900585
WO_INV_0456,PPG1000:70+PPG700:30,2.2,62.1335,0,30,70,0,0.3832243182
WO_INV_0457,PPG1000:70+PPG700:30,2.3,64.95775,0,30,70,0,0.3937841659
WO_INV_0458,PPG1000:70+PPG700:30,2.4,67.782,0,30,70,0,0.4039885089
WO_INV_0459,PPG1000:70+PPG700:30,2.5,70.60625,0,30,70,0,0.4138550024
WO_INV_0460,PPG1000:70+PPG700:30,2.6,73.4305,0,30,70,0,0.4234001516
WO_INV_0461,PPG1000:70+PPG700:30,2.7,76.25475,0,30,70,0,0.432639404
WO_INV_0462,PPG1000:70+PPG700:30,2.8,79.079,0,30,70,0,0.4415872325
WO_INV_0463,PPG1000:70+PPG700:30,2.9,81.90325,0,30,70,0,0.4502572109
WO_INV_0464,PPG1000:70+PPG700:30,3,84.7275,0,30,70,0,0.4586620833
WO_INV_0465,PPG1000:80+PPG700:20,1.5,40.755,0,20,80,0,0.2895456645
WO_INV_0466,PPG1000:80+PPG700:20,1.6,43.472,0,20,80,0,0.3029998885
WO_INV_0467,PPG1000:80+PPG700:20,1.7,46.189,0,20,80,0,0.3159540047
WO_INV_0468,PPG1000:80+PPG700:20,1.8,48.906,0,20,80,0,0.3284353888
WO_INV_0469,PPG1000:80+PPG700:20,1.9,51.623,0,20,80,0,0.3404694538
WO_INV_0470,PPG1000:80+PPG700:20,2,54.34,0,20,80,0,0.3520798238
WO_INV_0471,PPG1000:80+PPG700:20,2.1,57.057,0,20,80,0,0.3632884876
WO_INV_0472,PPG1000:80+PPG700:20,2.2,59.774,0,20,80,0,0.3741159388
WO_INV_0473,PPG1000:80+PPG700:20,2.3,62.491,0,20,80,0,0.3845812999
WO_INV_0474,PPG1000:80+PPG700:20,2.4,65.208,0,20,80,0,0.3947024357
WO_INV_0475,PPG1000:80+PPG700:20,2.5,67.925,0,20,80,0,0.4044960548
WO_INV_0476,PPG1000:80+PPG700:20,2.6,70.642,0,20,80,0,0.4139778015
WO_INV_0477,PPG1000:80+PPG700:20,2.7,73.359,0,20,80,0,0.4231623394
WO_INV_0478,PPG1000:80+PPG700:20,2.8,76.076,0,20,80,0,0.4320634272
WO_INV_0479,PPG1000:80+PPG700:20,2.9,78.793,0,20,80,0,0.4406939869
WO_INV_0480,PPG1000:80+PPG700:20,3,81.51,0,20,80,0,0.4490661672
WO_INV_0481,PPG1000:90+PPG700:10,1.5,39.14625,0,10,90,0,0.2813316924
WO_INV_0482,PPG1000:90+PPG700:10,1.6,41.756,0,10,90,0,0.2945624877
WO_INV_0483,PPG1000:90+PPG700:10,1.7,44.36575,0,10,90,0,0.3073149275
WO_INV_0484,PPG1000:90+PPG700:10,1.8,46.9755,0,10,90,0,0.3196144936
WO_INV_0485,PPG1000:90+PPG700:10,1.9,49.58525,0,10,90,0,0.3314848891
WO_INV_0486,PPG1000:90+PPG700:10,2,52.195,0,10,90,0,0.3429481915
WO_INV_0487,PPG1000:90+PPG700:10,2.1,54.80475,0,10,90,0,0.3540249895
WO_INV_0488,PPG1000:90+PPG700:10,2.2,57.4145,0,10,90,0,0.3647345067
WO_INV_0489,PPG1000:90+PPG700:10,2.3,60.02425,0,10,90,0,0.3750947122
WO_INV_0490,PPG1000:90+PPG700:10,2.4,62.634,0,10,90,0,0.3851224221
WO_INV_0491,PPG1000:90+PPG700:10,2.5,65.24375,0,10,90,0,0.3948333901
WO_INV_0492,PPG1000:90+PPG700:10,2.6,67.8535,0,10,90,0,0.4042423899
WO_INV_0493,PPG1000:90+PPG700:10,2.7,70.46325,0,10,90,0,0.4133632909
WO_INV_0494,PPG1000:90+PPG700:10,2.8,73.073,0,10,90,0,0.4222091256
WO_INV_0495,PPG1000:90+PPG700:10,2.9,75.68275,0,10,90,0,0.4307921523
WO_INV_0496,PPG1000:90+PPG700:10,3,78.2925,0,10,90,0,0.4391239115
WO_INV_0497,PPG2000:10+PPG400:90,1.5,86.33625,90,0,0,10,0.4633357707
WO_INV_0498,PPG2000:10+PPG400:90,1.6,92.092,90,0,0,10,0.4794161131
WO_INV_0499,PPG2000:10+PPG400:90,1.7,97.84775,90,0,0,10,0.4945608429
WO_INV_0500,PPG2000:10+PPG400:90,1.8,103.6035,90,0,0,10,0.5088493076
WO_INV_0501,PPG2000:10+PPG400:90,1.9,109.35925,90,0,0,10,0.5223521292
WO_INV_0502,PPG2000:10+PPG400:90,2,115.115,90,0,0,10,0.5351323711
WO_INV_0503,PPG2000:10+PPG400:90,2.1,120.87075,90,0,0,10,0.5472465231
WO_INV_0504,PPG2000:10+PPG400:90,2.2,126.6265,90,0,0,10,0.5587453365
WO_INV_0505,PPG2000:10+PPG400:90,2.3,132.38225,90,0,0,10,0.5696745341
WO_INV_0506,PPG2000:10+PPG400:90,2.4,138.138,90,0,0,10,0.5800754185
WO_INV_0507,PPG2000:10+PPG400:90,2.5,143.89375,90,0,0,10,0.5899853932
WO_INV_0508,PPG2000:10+PPG400:90,2.6,149.6495,90,0,0,10,0.5994384127
WO_INV_0509,PPG2000:10+PPG400:90,2.7,155.40525,90,0,0,10,0.6084653702
WO_INV_0510,PPG2000:10+PPG400:90,2.8,161.161,90,0,0,10,0.617094436
WO_INV_0511,PPG2000:10+PPG400:90,2.9,166.91675,90,0,0,10,0.6253513502
WO_INV_0512,PPG2000:10+PPG400:90,3,172.6725,90,0,0,10,0.6332596797
WO_INV_0513,PPG2000:20+PPG400:80,1.5,78.82875,80,0,0,20,0.4408057988
WO_INV_0514,PPG2000:20+PPG400:80,1.6,84.084,80,0,0,20,0.4567697356
WO_INV_0515,PPG2000:20+PPG400:80,1.7,89.33925,80,0,0,20,0.4718474907
WO_INV_0516,PPG2000:20+PPG400:80,1.8,94.5945,80,0,0,20,0.4861108613
WO_INV_0517,PPG2000:20+PPG400:80,1.9,99.84975,80,0,0,20,0.4996240926
WO_INV_0518,PPG2000:20+PPG400:80,2,105.105,80,0,0,20,0.5124448453
WO_INV_0519,PPG2000:20+PPG400:80,2.1,110.36025,80,0,0,20,0.5246250183
WO_INV_0520,PPG2000:20+PPG400:80,2.2,115.6155,80,0,0,20,0.5362114505
WO_INV_0521,PPG2000:20+PPG400:80,2.3,120.87075,80,0,0,20,0.5472465231
WO_INV_0522,PPG2000:20+PPG400:80,2.4,126.126,80,0,0,20,0.5577686776
WO_INV_0523,PPG2000:20+PPG400:80,2.5,131.38125,80,0,0,20,0.567812863
WO_INV_0524,PPG2000:20+PPG400:80,2.6,136.6365,80,0,0,20,0.5774109235
WO_INV_0525,PPG2000:20+PPG400:80,2.7,141.89175,80,0,0,20,0.5865919363
WO_INV_0526,PPG2000:20+PPG400:80,2.8,147.147,80,0,0,20,0.5953825051
WO_INV_0527,PPG2000:20+PPG400:80,2.9,152.40225,80,0,0,20,0.6038070184
WO_INV_0528,PPG2000:20+PPG400:80,3,157.6575,80,0,0,20,0.6118878744
WO_INV_0529,PPG2000:30+PPG400:70,1.5,71.32125,70,0,0,30,0.4163012469
WO_INV_0530,PPG2000:30+PPG400:70,1.6,76.076,70,0,0,30,0.4320634272
WO_INV_0531,PPG2000:30+PPG400:70,1.7,80.83075,70,0,0,30,0.4469967082
WO_INV_0532,PPG2000:30+PPG400:70,1.8,85.5855,70,0,0,30,0.4611648001
WO_INV_0533,PPG2000:30+PPG400:70,1.9,90.34025,70,0,0,30,0.4746250465
WO_INV_0534,PPG2000:30+PPG400:70,2,95.095,70,0,0,30,0.4874292012
WO_INV_0535,PPG2000:30+PPG400:70,2.1,99.84975,70,0,0,30,0.4996240926
WO_INV_0536,PPG2000:30+PPG400:70,2.2,104.6045,70,0,0,30,0.5112521963
WO_INV_0537,PPG2000:30+PPG400:70,2.3,109.35925,70,0,0,30,0.5223521292
WO_INV_0538,PPG2000:30+PPG400:70,2.4,114.114,70,0,0,30,0.5329590779
WO_INV_0539,PPG2000:30+PPG400:70,2.5,118.86875,70,0,0,30,0.5431051715
WO_INV_0540,PPG2000:30+PPG400:70,2.6,123.6235,70,0,0,30,0.5528198065
WO_INV_0541,PPG2000:30+PPG400:70,2.7,128.37825,70,0,0,30,0.5621299314
WO_INV_0542,PPG2000:30+PPG400:70,2.8,133.133,70,0,0,30,0.5710602961
WO_INV_0543,PPG2000:30+PPG400:70,2.9,137.88775,70,0,0,30,0.5796336718
WO_INV_0544,PPG2000:30+PPG400:70,3,142.6425,70,0,0,30,0.5878710448
WO_INV_0545,PPG2000:40+PPG400:60,1.5,63.81375,60,0,0,40,0.389550633
WO_INV_0546,PPG2000:40+PPG400:60,1.6,68.068,60,0,0,40,0.405002737
WO_INV_0547,PPG2000:40+PPG400:60,1.7,72.32225,60,0,0,40,0.4196918854
WO_INV_0548,PPG2000:40+PPG400:60,1.8,76.5765,60,0,0,40,0.4336732238
WO_INV_0549,PPG2000:40+PPG400:60,1.9,80.83075,60,0,0,40,0.4469967082
WO_INV_0550,PPG2000:40+PPG400:60,2,85.085,60,0,0,40,0.4597077019
WO_INV_0551,PPG2000:40+PPG400:60,2.1,89.33925,60,0,0,40,0.4718474907
WO_INV_0552,PPG2000:40+PPG400:60,2.2,93.5935,60,0,0,40,0.4834537317
WO_INV_0553,PPG2000:40+PPG400:60,2.3,97.84775,60,0,0,40,0.4945608429
WO_INV_0554,PPG2000:40+PPG400:60,2.4,102.102,60,0,0,40,0.5052003444
WO_INV_0555,PPG2000:40+PPG400:60,2.5,106.35625,60,0,0,40,0.515401157
WO_INV_0556,PPG2000:40+PPG400:60,2.6,110.6105,60,0,0,40,0.5251898647
WO_INV_0557,PPG2000:40+PPG400:60,2.7,114.86475,60,0,0,40,0.5345909462
WO_INV_0558,PPG2000:40+PPG400:60,2.8,119.119,60,0,0,40,0.5436269789
WO_INV_0559,PPG2000:40+PPG400:60,2.9,123.37325,60,0,0,40,0.5523188206
WO_INV_0560,PPG2000:40+PPG400:60,3,127.6275,60,0,0,40,0.5606857695
WO_INV_0561,PPG2000:50+PPG400:50,1.5,56.30625,50,0,0,50,0.3602303171
WO_INV_0562,PPG2000:50+PPG400:50,1.6,60.06,50,0,0,50,0.3752342871
WO_INV_0563,PPG2000:50+PPG400:50,1.7,63.81375,50,0,0,50,0.389550633
WO_INV_0564,PPG2000:50+PPG400:50,1.8,67.5675,50,0,0,50,0.4032255658
WO_INV_0565,PPG2000:50+PPG400:50,1.9,71.32125,50,0,0,50,0.4163012469
WO_INV_0566,PPG2000:50+PPG400:50,2,75.075,50,0,0,50,0.4288162216
WO_INV_0567,PPG2000:50+PPG400:50,2.1,78.82875,50,0,0,50,0.4408057988
WO_INV_0568,PPG2000:50+PPG400:50,2.2,82.5825,50,0,0,50,0.4523023839
WO_INV_0569,PPG2000:50+PPG400:50,2.3,86.33625,50,0,0,50,0.4633357707
WO_INV_0570,PPG2000:50+PPG400:50,2.4,90.09,50,0,0,50,0.4739334
WO_INV_0571,PPG2000:50+PPG400:50,2.5,93.84375,50,0,0,50,0.4841205868
WO_INV_0572,PPG2000:50+PPG400:50,2.6,97.5975,50,0,0,50,0.4939207227
WO_INV_0573,PPG2000:50+PPG400:50,2.7,101.35125,50,0,0,50,0.5033554547
WO_INV_0574,PPG2000:50+PPG400:50,2.8,105.105,50,0,0,50,0.5124448453
WO_INV_0575,PPG2000:50+PPG400:50,2.9,108.85875,50,0,0,50,0.5212075146
WO_INV_0576,PPG2000:50+PPG400:50,3,112.6125,50,0,0,50,0.5296607678
WO_INV_0577,PPG2000:60+PPG400:40,1.5,48.79875,40,0,0,60,0.3279513437
WO_INV_0578,PPG2000:60+PPG400:40,1.6,52.052,40,0,0,60,0.3423302554
WO_INV_0579,PPG2000:60+PPG400:40,1.7,55.30525,40,0,0,60,0.3561067639
WO_INV_0580,PPG2000:60+PPG400:40,1.8,58.5585,40,0,0,60,0.3693179489
WO_INV_0581,PPG2000:60+PPG400:40,1.9,61.81175,40,0,0,60,0.3819979081
WO_INV_0582,PPG2000:60+PPG400:40,2,65.065,40,0,0,60,0.3941780511
WO_INV_0583,PPG2000:60+PPG400:40,2.1,68.31825,40,0,0,60,0.4058873592
WO_INV_0584,PPG2000:60+PPG400:40,2.2,71.5715,40,0,0,60,0.4171526157
WO_INV_0585,PPG2000:60+PPG400:40,2.3,74.82475,40,0,0,60,0.42799861
WO_INV_0586,PPG2000:60+PPG400:40,2.4,78.078,40,0,0,60,0.4384483204
WO_INV_0587,PPG2000:60+PPG400:40,2.5,81.33125,40,0,0,60,0.4485230759
WO_INV_0588,PPG2000:60+PPG400:40,2.6,84.5845,40,0,0,60,0.4582427019
WO_INV_0589,PPG2000:60+PPG400:40,2.7,87.83775,40,0,0,60,0.4676256503
WO_INV_0590,PPG2000:60+PPG400:40,2.8,91.091,40,0,0,60,0.4766891167
WO_INV_0591,PPG2000:60+PPG400:40,2.9,94.34425,40,0,0,60,0.485449145
WO_INV_0592,PPG2000:60+PPG400:40,3,97.5975,40,0,0,60,0.4939207227
WO_INV_0593,PPG2000:70+PPG400:30,1.5,41.29125,30,0,0,70,0.2922420886
WO_INV_0594,PPG2000:70+PPG400:30,1.6,44.044,30,0,0,70,0.3057676821
WO_INV_0595,PPG2000:70+PPG400:30,1.7,46.79675,30,0,0,70,0.3187860085
WO_INV_0596,PPG2000:70+PPG400:30,1.8,49.5495,30,0,0,70,0.3313250797
WO_INV_0597,PPG2000:70+PPG400:30,1.9,52.30225,30,0,0,70,0.343410882
WO_INV_0598,PPG2000:70+PPG400:30,2,55.055,30,0,0,70,0.3550675567
WO_INV_0599,PPG2000:70+PPG400:30,2.1,57.80775,30,0,0,70,0.3663175604
WO_INV_0600,PPG2000:70+PPG400:30,2.2,60.5605,30,0,0,70,0.37718181
WO_INV_0601,PPG2000:70+PPG400:30,2.3,63.31325,30,0,0,70,0.3876798117
WO_INV_0602,PPG2000:70+PPG400:30,2.4,66.066,30,0,0,70,0.3978297785
WO_INV_0603,PPG2000:70+PPG400:30,2.5,68.81875,30,0,0,70,0.4076487357
WO_INV_0604,PPG2000:70+PPG400:30,2.6,71.5715,30,0,0,70,0.4171526157
WO_INV_0605,PPG2000:70+PPG400:30,2.7,74.32425,30,0,0,70,0.4263563446
WO_INV_0606,PPG2000:70+PPG400:30,2.8,77.077,30,0,0,70,0.4352739204
WO_INV_0607,PPG2000:70+PPG400:30,2.9,79.82975,30,0,0,70,0.443918484
WO_INV_0608,PPG2000:70+PPG400:30,3,82.5825,30,0,0,70,0.4523023839
WO_INV_0609,PPG2000:80+PPG400:20,1.5,33.78375,20,0,0,80,0.2525250638
WO_INV_0610,PPG2000:80+PPG400:20,1.6,36.036,20,0,0,80,0.2649004675
WO_INV_0611,PPG2000:80+PPG400:20,1.7,38.28825,20,0,0,80,0.276872764
WO_INV_0612,PPG2000:80+PPG400:20,1.8,40.5405,20,0,0,80,0.2884613332
WO_INV_0613,PPG2000:80+PPG400:20,1.9,42.79275,20,0,0,80,0.2996843327
WO_INV_0614,PPG2000:80+PPG400:20,2,45.045,20,0,0,80,0.3105587921
WO_INV_0615,PPG2000:80+PPG400:20,2.1,47.29725,20,0,0,80,0.3211006994
WO_INV_0616,PPG2000:80+PPG400:20,2.2,49.5495,20,0,0,80,0.3313250797
WO_INV_0617,PPG2000:80+PPG400:20,2.3,51.80175,20,0,0,80,0.341246066
WO_INV_0618,PPG2000:80+PPG400:20,2.4,54.054,20,0,0,80,0.3508769652
WO_INV_0619,PPG2000:80+PPG400:20,2.5,56.30625,20,0,0,80,0.3602303171
WO_INV_0620,PPG2000:80+PPG400:20,2.6,58.5585,20,0,0,80,0.3693179489
WO_INV_0621,PPG2000:80+PPG400:20,2.7,60.81075,20,0,0,80,0.3781510254
WO_INV_0622,PPG2000:80+PPG400:20,2.8,63.063,20,0,0,80,0.3867400943
WO_INV_0623,PPG2000:80+PPG400:20,2.9,65.31525,20,0,0,80,0.3950951289
WO_INV_0624,PPG2000:80+PPG400:20,3,67.5675,20,0,0,80,0.4032255658
WO_INV_0625,PPG2000:90+PPG400:10,1.5,26.27625,10,0,0,90,0.2080854476
WO_INV_0626,PPG2000:90+PPG400:10,1.6,28.028,10,0,0,90,0.2189208611
WO_INV_0627,PPG2000:90+PPG400:10,1.7,29.77975,10,0,0,90,0.2294637646
WO_INV_0628,PPG2000:90+PPG400:10,1.8,31.5315,10,0,0,90,0.2397258451
WO_INV_0629,PPG2000:90+PPG400:10,1.9,33.28325,10,0,0,90,0.2497181754
WO_INV_0630,PPG2000:90+PPG400:10,2,35.035,10,0,0,90,0.2594512534
WO_INV_0631,PPG2000:90+PPG400:10,2.1,36.78675,10,0,0,90,0.2689350394
WO_INV_0632,PPG2000:90+PPG400:10,2.2,38.5385,10,0,0,90,0.27817899
WO_INV_0633,PPG2000:90+PPG400:10,2.3,40.29025,10,0,0,90,0.2871920893
WO_INV_0634,PPG2000:90+PPG400:10,2.4,42.042,10,0,0,90,0.2959828783
WO_INV_0635,PPG2000:90+PPG400:10,2.5,43.79375,10,0,0,90,0.3045594819
WO_INV_0636,PPG2000:90+PPG400:10,2.6,45.5455,10,0,0,90,0.3129296337
WO_INV_0637,PPG2000:90+PPG400:10,2.7,47.29725,10,0,0,90,0.3211006994
WO_INV_0638,PPG2000:90+PPG400:10,2.8,49.049,10,0,0,90,0.3290796986
WO_INV_0639,PPG2000:90+PPG400:10,2.9,50.80075,10,0,0,90,0.3368733246
WO_INV_0640,PPG2000:90+PPG400:10,3,52.5525,10,0,0,90,0.3444879632
WO_INV_0641,PPG2000:10+PPG700:90,1.5,50.139375,0,90,0,10,0.3339522027
WO_INV_0642,PPG2000:10+PPG700:90,1.6,53.482,0,90,0,10,0.3484577996
WO_INV_0643,PPG2000:10+PPG700:90,1.7,56.824625,0,90,0,10,0.3623450399
WO_INV_0644,PPG2000:10+PPG700:90,1.8,60.16725,0,90,0,10,0.3756526381
WO_INV_0645,PPG2000:10+PPG700:90,1.9,63.509875,0,90,0,10,0.3884161431
WO_INV_0646,PPG2000:10+PPG700:90,2,66.8525,0,90,0,10,0.4006682549
WO_INV_0647,PPG2000:10+PPG700:90,2.1,70.195125,0,90,0,10,0.4124391048
WO_INV_0648,PPG2000:10+PPG700:90,2.2,73.53775,0,90,0,10,0.4237565025
WO_INV_0649,PPG2000:10+PPG700:90,2.3,76.880375,0,90,0,10,0.4346461556
WO_INV_0650,PPG2000:10+PPG700:90,2.4,80.223,0,90,0,10,0.4451318644
WO_INV_0651,PPG2000:10+PPG700:90,2.5,83.565625,0,90,0,10,0.4552356957
WO_INV_0652,PPG2000:10+PPG700:90,2.6,86.90825,0,90,0,10,0.4649781377
WO_INV_0653,PPG2000:10+PPG700:90,2.7,90.250875,0,90,0,10,0.4743782387
WO_INV_0654,PPG2000:10+PPG700:90,2.8,93.5935,0,90,0,10,0.4834537317
WO_INV_0655,PPG2000:10+PPG700:90,2.9,96.936125,0,90,0,10,0.4922211453
WO_INV_0656,PPG2000:10+PPG700:90,3,100.27875,0,90,0,10,0.5006959051
WO_INV_0657,PPG2000:20+PPG700:80,1.5,46.65375,0,80,0,20,0.3181217664
WO_INV_0658,PPG2000:20+PPG700:80,1.6,49.764,0,80,0,20,0.3322827916
WO_INV_0659,PPG2000:20+PPG700:80,1.7,52.87425,0,80,0,20,0.3458676003
WO_INV_0660,PPG2000:20+PPG700:80,1.8,55.9845,0,80,0,20,0.358910661
WO_INV_0661,PPG2000:20+PPG700:80,1.9,59.09475,0,80,0,20,0.3714437466
WO_INV_0662,PPG2000:20+PPG700:80,2,62.205,0,80,0,20,0.3834961931
WO_INV_0663,PPG2000:20+PPG700:80,2.1,65.31525,0,80,0,20,0.3950951289
WO_INV_0664,PPG2000:20+PPG700:80,2.2,68.4255,0,80,0,20,0.4062656783
WO_INV_0665,PPG2000:20+PPG700:80,2.3,71.53575,0,80,0,20,0.4170311437
WO_INV_0666,PPG2000:20+PPG700:80,2.4,74.646,0,80,0,20,0.4274131672
WO_INV_0667,PPG2000:20+PPG700:80,2.5,77.75625,0,80,0,20,0.4374318765
WO_INV_0668,PPG2000:20+PPG700:80,2.6,80.8665,0,80,0,20,0.4471060147
WO_INV_0669,PPG2000:20+PPG700:80,2.7,83.97675,0,80,0,20,0.4564530572
WO_INV_0670,PPG2000:20+PPG700:80,2.8,87.087,0,80,0,20,0.4654893178
WO_INV_0671,PPG2000:20+PPG700:80,2.9,90.19725,0,80,0,20,0.4742300428
WO_INV_0672,PPG2000:20+PPG700:80,3,93.3075,0,80,0,20,0.4826894973
WO_INV_0673,PPG2000:30+PPG700:70,1.5,43.168125,0,70,0,30,0.3015205026
WO_INV_0674,PPG2000:30+PPG700:70,1.6,46.046,0,70,0,30,0.3152842255
WO_INV_0675,PPG2000:30+PPG700:70,1.7,48.923875,0,70,0,30,0.3285159952
WO_INV_0676,PPG2000:30+PPG700:70,1.8,51.80175,0,70,0,30,0.341246066
WO_INV_0677,PPG2000:30+PPG700:70,1.9,54.679625,0,70,0,30,0.3535024409
WO_INV_0678,PPG2000:30+PPG700:70,2,57.5575,0,70,0,30,0.3653110769
WO_INV_0679,PPG2000:30+PPG700:70,2.1,60.435375,0,70,0,30,0.3766960684
WO_INV_0680,PPG2000:30+PPG700:70,2.2,63.31325,0,70,0,30,0.3876798117
WO_INV_0681,PPG2000:30+PPG700:70,2.3,66.191125,0,70,0,30,0.3982831514
WO_INV_0682,PPG2000:30+PPG700:70,2.4,69.069,0,70,0,30,0.4085255133
WO_INV_0683,PPG2000:30+PPG700:70,2.5,71.946875,0,70,0,30,0.4184250223
WO_INV_0684,PPG2000:30+PPG700:70,2.6,74.82475,0,70,0,30,0.42799861
WO_INV_0685,PPG2000:30+PPG700:70,2.7,77.702625,0,70,0,30,0.4372621114
WO_INV_0686,PPG2000:30+PPG700:70,2.8,80.5805,0,70,0,30,0.4462303516
WO_INV_0687,PPG2000:30+PPG700:70,2.9,83.458375,0,70,0,30,0.4549172258
WO_INV_0688,PPG2000:30+PPG700:70,3,86.33625,0,70,0,30,0.4633357707
WO_INV_0689,PPG2000:40+PPG700:60,1.5,39.6825,0,60,0,40,0.2840907057
WO_INV_0690,PPG2000:40+PPG700:60,1.6,42.328,0,60,0,40,0.2973975606
WO_INV_0691,PPG2000:40+PPG700:60,1.7,44.9735,0,60,0,40,0.3102187641
WO_INV_0692,PPG2000:40+PPG700:60,1.8,47.619,0,60,0,40,0.3225804266
WO_INV_0693,PPG2000:40+PPG700:60,1.9,50.2645,0,60,0,40,0.3345068196
WO_INV_0694,PPG2000:40+PPG700:60,2,52.91,0,60,0,40,0.346020535
WO_INV_0695,PPG2000:40+PPG700:60,2.1,55.5555,0,60,0,40,0.3571426276
WO_INV_0696,PPG2000:40+PPG700:60,2.2,58.201,0,60,0,40,0.367892744
WO_INV_0697,PPG2000:40+PPG700:60,2.3,60.8465,0,60,0,40,0.3782892385
WO_INV_0698,PPG2000:40+PPG700:60,2.4,63.492,0,60,0,40,0.388349277
WO_INV_0699,PPG2000:40+PPG700:60,2.5,66.1375,0,60,0,40,0.3980889324
WO_INV_0700,PPG2000:40+PPG700:60,2.6,68.783,0,60,0,40,0.4075232695
WO_INV_0701,PPG2000:40+PPG700:60,2.7,71.4285,0,60,0,40,0.4166664236
WO_INV_0702,PPG2000:40+PPG700:60,2.8,74.074,0,60,0,40,0.4255316704
WO_INV_0703,PPG2000:40+PPG700:60,2.9,76.7195,0,60,0,40,0.4341314909
WO_INV_0704,PPG2000:40+PPG700:60,3,79.365,0,60,0,40,0.4424776294
WO_INV_0705,PPG2000:50+PPG700:50,1.5,36.196875,0,50,0,50,0.265768763
WO_INV_0706,PPG2000:50+PPG700:50,1.6,38.61,0,50,0,50,0.2785513311
WO_INV_0707,PPG2000:50+PPG700:50,1.7,41.023125,0,50,0,50,0.2908964399
WO_INV_0708,PPG2000:50+PPG700:50,1.8,43.43625,0,50,0,50,0.3028261684
WO_INV_0709,PPG2000:50+PPG700:50,1.9,45.849375,0,50,0,50,0.3143611346
WO_INV_0710,PPG2000:50+PPG700:50,2,48.2625,0,50,0,50,0.3255206138
WO_INV_0711,PPG2000:50+PPG700:50,2.1,50.675625,0,50,0,50,0.3363226467
WO_INV_0712,PPG2000:50+PPG700:50,2.2,53.08875,0,50,0,50,0.3467841367
WO_INV_0713,PPG2000:50+PPG700:50,2.3,55.501875,0,50,0,50,0.3569209374
WO_INV_0714,PPG2000:50+PPG700:50,2.4,57.915,0,50,0,50,0.366747934
WO_INV_0715,PPG2000:50+PPG700:50,2.5,60.328125,0,50,0,50,0.3762791151
WO_INV_0716,PPG2000:50+PPG700:50,2.6,62.74125,0,50,0,50,0.3855276397
WO_INV_0717,PPG2000:50+PPG700:50,2.7,65.154375,0,50,0,50,0.3945058979
WO_INV_0718,PPG2000:50+PPG700:50,2.8,67.5675,0,50,0,50,0.4032255658
WO_INV_0719,PPG2000:50+PPG700:50,2.9,69.980625,0,50,0,50,0.4116976567
WO_INV_0720,PPG2000:50+PPG700:50,3,72.39375,0,50,0,50,0.4199325672
WO_INV_0721,PPG2000:60+PPG700:40,1.5,32.71125,0,40,0,60,0.2464843787
WO_INV_0722,PPG2000:60+PPG700:40,1.6,34.892,0,40,0,60,0.2586661922
WO_INV_0723,PPG2000:60+PPG700:40,1.7,37.07275,0,40,0,60,0.2704603942
WO_INV_0724,PPG2000:60+PPG700:40,1.8,39.2535,0,40,0,60,0.281885195
WO_INV_0725,PPG2000:60+PPG700:40,1.9,41.43425,0,40,0,60,0.2929576817
WO_INV_0726,PPG2000:60+PPG700:40,2,43.615,0,40,0,60,0.3036939038
WO_INV_0727,PPG2000:60+PPG700:40,2.1,45.79575,0,40,0,60,0.3141089504
WO_INV_0728,PPG2000:60+PPG700:40,2.2,47.9765,0,40,0,60,0.3242170209
WO_INV_0729,PPG2000:60+PPG700:40,2.3,50.15725,0,40,0,60,0.3340314903
WO_INV_0730,PPG2000:60+PPG700:40,2.4,52.338,0,40,0,60,0.3435649674
WO_INV_0731,PPG2000:60+PPG700:40,2.5,54.51875,0,40,0,60,0.3528293492
WO_INV_0732,PPG2000:60+PPG700:40,2.6,56.6995,0,40,0,60,0.3618358706
WO_INV_0733,PPG2000:60+PPG700:40,2.7,58.88025,0,40,0,60,0.3705951495
WO_INV_0734,PPG2000:60+PPG700:40,2.8,61.061,0,40,0,60,0.3791172289
WO_INV_0735,PPG2000:60+PPG700:40,2.9,63.24175,0,40,0,60,0.387411615
WO_INV_0736,PPG2000:60+PPG700:40,3,65.4225,0,40,0,60,0.3954873128
WO_INV_0737,PPG2000:70+PPG700:30,1.5,29.225625,0,30,0,70,0.2261596723
WO_INV_0738,PPG2000:70+PPG700:30,1.6,31.174,0,30,0,70,0.2376538033
WO_INV_0739,PPG2000:70+PPG700:30,1.7,33.122375,0,30,0,70,0.2488114789
WO_INV_0740,PPG2000:70+PPG700:30,1.8,35.07075,0,30,0,70,0.2596472589
WO_INV_0741,PPG2000:70+PPG700:30,1.9,37.019125,0,30,0,70,0.2701748752
WO_INV_0742,PPG2000:70+PPG700:30,2,38.9675,0,30,0,70,0.2804072895
WO_INV_0743,PPG2000:70+PPG700:30,2.1,40.915875,0,30,0,70,0.2903567465
WO_INV_0744,PPG2000:70+PPG700:30,2.2,42.86425,0,30,0,70,0.3000348233
WO_INV_0745,PPG2000:70+PPG700:30,2.3,44.812625,0,30,0,70,0.3094524735
WO_INV_0746,PPG2000:70+PPG700:30,2.4,46.761,0,30,0,70,0.3186200694
WO_INV_0747,PPG2000:70+PPG700:30,2.5,48.709375,0,30,0,70,0.3275474394
WO_INV_0748,PPG2000:70+PPG700:30,2.6,50.65775,0,30,0,70,0.3362439038
WO_INV_0749,PPG2000:70+PPG700:30,2.7,52.606125,0,30,0,70,0.3447183067
WO_INV_0750,PPG2000:70+PPG700:30,2.8,54.5545,0,30,0,70,0.3529790462
WO_INV_0751,PPG2000:70+PPG700:30,2.9,56.502875,0,30,0,70,0.3610341024
WO_INV_0752,PPG2000:70+PPG700:30,3,58.45125,0,30,0,70,0.3688910627
WO_INV_0753,PPG2000:80+PPG700:20,1.5,25.74,0,20,0,80,0.2047081279
WO_INV_0754,PPG2000:80+PPG700:20,1.6,27.456,0,20,0,80,0.2154155159
WO_INV_0755,PPG2000:80+PPG700:20,1.7,29.172,0,20,0,80,0.225838417
WO_INV_0756,PPG2000:80+PPG700:20,1.8,30.888,0,20,0,80,0.2359880203
WO_INV_0757,PPG2000:80+PPG700:20,1.9,32.604,0,20,0,80,0.2458749359
WO_INV_0758,PPG2000:80+PPG700:20,2,34.32,0,20,0,80,0.2555092317
WO_INV_0759,PPG2000:80+PPG700:20,2.1,36.036,0,20,0,80,0.2649004675
WO_INV_0760,PPG2000:80+PPG700:20,2.2,37.752,0,20,0,80,0.2740577269
WO_INV_0761,PPG2000:80+PPG700:20,2.3,39.468,0,20,0,80,0.2829896464
WO_INV_0762,PPG2000:80+PPG700:20,2.4,41.184,0,20,0,80,0.2917044424
WO_INV_0763,PPG2000:80+PPG700:20,2.5,42.9,0,20,0,80,0.300209937
WO_INV_0764,PPG2000:80+PPG700:20,2.6,44.616,0,20,0,80,0.3085135808
WO_INV_0765,PPG2000:80+PPG700:20,2.7,46.332,0,20,0,80,0.3166224749
WO_INV_0766,PPG2000:80+PPG700:20,2.8,48.048,0,20,0,80,0.3245433913
WO_INV_0767,PPG2000:80+PPG700:20,2.9,49.764,0,20,0,80,0.3322827916
WO_INV_0768,PPG2000:80+PPG700:20,3,51.48,0,20,0,80,0.3398468445
WO_INV_0769,PPG2000:90+PPG700:10,1.5,22.254375,0,10,0,90,0.1820333628
WO_INV_0770,PPG2000:90+PPG700:10,1.6,23.738,0,10,0,90,0.191840825
WO_INV_0771,PPG2000:90+PPG700:10,1.7,25.221625,0,10,0,90,0.2014158896
WO_INV_0772,PPG2000:90+PPG700:10,1.8,26.70525,0,10,0,90,0.2107667204
WO_INV_0773,PPG2000:90+PPG700:10,1.9,28.188875,0,10,0,90,0.219901103
WO_INV_0774,PPG2000:90+PPG700:10,2,29.6725,0,10,0,90,0.2288264667
WO_INV_0775,PPG2000:90+PPG700:10,2.1,31.156125,0,10,0,90,0.2375499047
WO_INV_0776,PPG2000:90+PPG700:10,2.2,32.63975,0,10,0,90,0.246078193
WO_INV_0777,PPG2000:90+PPG700:10,2.3,34.123375,0,10,0,90,0.2544178075
WO_INV_0778,PPG2000:90+PPG700:10,2.4,35.607,0,10,0,90,0.2625749408
WO_INV_0779,PPG2000:90+PPG700:10,2.5,37.090625,0,10,0,90,0.2705555176
WO_INV_0780,PPG2000:90+PPG700:10,2.6,38.57425,0,10,0,90,0.2783652085
WO_INV_0781,PPG2000:90+PPG700:10,2.7,40.057875,0,10,0,90,0.2860094443
WO_INV_0782,PPG2000:90+PPG700:10,2.8,41.5415,0,10,0,90,0.2934934277
WO_INV_0783,PPG2000:90+PPG700:10,2.9,43.025125,0,10,0,90,0.3008221458
WO_INV_0784,PPG2000:90+PPG700:10,3,44.50875,0,10,0,90,0.3080003806
WO_INV_0785,PPG400:10+PPG700:90,1.5,57.646875,10,90,0,0,0.3656709021
WO_INV_0786,PPG400:10+PPG700:90,1.6,61.49,10,90,0,0,0.3807666109
WO_INV_0787,PPG400:10+PPG700:90,1.7,65.333125,10,90,0,0,0.3951605282
WO_INV_0788,PPG400:10+PPG700:90,1.8,69.17625,10,90,0,0,0.408900481
WO_INV_0789,PPG400:10+PPG700:90,1.9,73.019375,10,90,0,0,0.4220300472
WO_INV_0790,PPG400:10+PPG700:90,2,76.8625,10,90,0,0,0.4345890169
WO_INV_0791,PPG400:10+PPG700:90,2.1,80.705625,10,90,0,0,0.4466137952
WO_INV_0792,PPG400:10+PPG700:90,2.2,84.54875,10,90,0,0,0.4581377549
WO_INV_0793,PPG400:10+PPG700:90,2.3,88.391875,10,90,0,0,0.4691915455
WO_INV_0794,PPG400:10+PPG700:90,2.4,92.235,10,90,0,0,0.4798033657
WO_INV_0795,PPG400:10+PPG700:90,2.5,96.078125,10,90,0,0,0.4899992031
WO_INV_0796,PPG400:10+PPG700:90,2.6,99.92125,10,90,0,0,0.4998030474
WO_INV_0797,PPG400:10+PPG700:90,2.7,103.764375,10,90,0,0,0.5092370784
WO_INV_0798,PPG400:10+PPG700:90,2.8,107.6075,10,90,0,0,0.5183218333
WO_INV_0799,PPG400:10+PPG700:90,2.9,111.450625,10,90,0,0,0.5270763565
WO_INV_0800,PPG400:10+PPG700:90,3,115.29375,10,90,0,0,0.5355183325
WO_INV_0801,PPG400:20+PPG700:80,1.5,61.66875,20,80,0,0,0.38145127
WO_INV_0802,PPG400:20+PPG700:80,1.6,65.78,20,80,0,0,0.3967909277
WO_INV_0803,PPG400:20+PPG700:80,1.7,69.89125,20,80,0,0,0.4113881674
WO_INV_0804,PPG400:20+PPG700:80,1.8,74.0025,20,80,0,0,0.4252956136
WO_INV_0805,PPG400:20+PPG700:80,1.9,78.11375,20,80,0,0,0.4385610319
WO_INV_0806,PPG400:20+PPG700:80,2,82.225,20,80,0,0,0.4512278776
WO_INV_0807,PPG400:20+PPG700:80,2.1,86.33625,20,80,0,0,0.4633357707
WO_INV_0808,PPG400:20+PPG700:80,2.2,90.4475,20,80,0,0,0.47492091
WO_INV_0809,PPG400:20+PPG700:80,2.3,94.55875,20,80,0,0,0.4860164346
WO_INV_0810,PPG400:20+PPG700:80,2.4,98.67,20,80,0,0,0.4966527407
WO_INV_0811,PPG400:20+PPG700:80,2.5,102.78125,20,80,0,0,0.5068577593
WO_INV_0812,PPG400:20+PPG700:80,2.6,106.8925,20,80,0,0,0.5166572012
WO_INV_0813,PPG400:20+PPG700:80,2.7,111.00375,20,80,0,0,0.5260747736
WO_INV_0814,PPG400:20+PPG700:80,2.8,115.115,20,80,0,0,0.5351323711
WO_INV_0815,PPG400:20+PPG700:80,2.9,119.22625,20,80,0,0,0.543850246
WO_INV_0816,PPG400:20+PPG700:80,3,123.3375,20,80,0,0,0.5522471596
WO_INV_0817,PPG400:30+PPG700:70,1.5,65.690625,30,70,0,0,0.3964655514
WO_INV_0818,PPG400:30+PPG700:70,1.6,70.07,30,70,0,0,0.4120068207
WO_INV_0819,PPG400:30+PPG700:70,1.7,74.449375,30,70,0,0,0.4267677944
WO_INV_0820,PPG400:30+PPG700:70,1.8,78.82875,30,70,0,0,0.4408057988
WO_INV_0821,PPG400:30+PPG700:70,1.9,83.208125,30,70,0,0,0.4541726793
WO_INV_0822,PPG400:30+PPG700:70,2,87.5875,30,70,0,0,0.4669154395
WO_INV_0823,PPG400:30+PPG700:70,2.1,91.966875,30,70,0,0,0.4790767938
WO_INV_0824,PPG400:30+PPG700:70,2.2,96.34625,30,70,0,0,0.4906956461
WO_INV_0825,PPG400:30+PPG700:70,2.3,100.725625,30,70,0,0,0.5018075046
WO_INV_0826,PPG400:30+PPG700:70,2.4,105.105,30,70,0,0,0.5124448453
WO_INV_0827,PPG400:30+PPG700:70,2.5,109.484375,30,70,0,0,0.5226374282
WO_INV_0828,PPG400:30+PPG700:70,2.6,113.86375,30,70,0,0,0.5324125758
WO_INV_0829,PPG400:30+PPG700:70,2.7,118.243125,30,70,0,0,0.5417954174
WO_INV_0830,PPG400:30+PPG700:70,2.8,122.6225,30,70,0,0,0.5508091051
WO_INV_0831,PPG400:30+PPG700:70,2.9,127.001875,30,70,0,0,0.5594750043
WO_INV_0832,PPG400:30+PPG700:70,3,131.38125,30,70,0,0,0.567812863
WO_INV_0833,PPG400:40+PPG700:60,1.5,69.7125,40,60,0,0,0.4107682109
WO_INV_0834,PPG400:40+PPG700:60,1.6,74.36,40,60,0,0,0.4264739619
WO_INV_0835,PPG400:40+PPG700:60,1.7,79.0075,40,60,0,0,0.4413641887
WO_INV_0836,PPG400:40+PPG700:60,1.8,83.655,40,60,0,0,0.4555008031
WO_INV_0837,PPG400:40+PPG700:60,1.9,88.3025,40,60,0,0,0.4689396052
WO_INV_0838,PPG400:40+PPG700:60,2,92.95,40,60,0,0,0.4817310184
WO_INV_0839,PPG400:40+PPG700:60,2.1,97.5975,40,60,0,0,0.4939207227
WO_INV_0840,PPG400:40+PPG700:60,2.2,102.245,40,60,0,0,0.505550199
WO_INV_0841,PPG400:40+PPG700:60,2.3,106.8925,40,60,0,0,0.5166572012
WO_INV_0842,PPG400:40+PPG700:60,2.4,111.54,40,60,0,0,0.5272761653
WO_INV_0843,PPG400:40+PPG700:60,2.5,116.1875,40,60,0,0,0.5374385661
WO_INV_0844,PPG400:40+PPG700:60,2.6,120.835,40,60,0,0,0.5471732289
WO_INV_0845,PPG400:40+PPG700:60,2.7,125.4825,40,60,0,0,0.5565066025
WO_INV_0846,PPG400:40+PPG700:60,2.8,130.13,40,60,0,0,0.5654629992
WO_INV_0847,PPG400:40+PPG700:60,2.9,134.7775,40,60,0,0,0.574064806
WO_INV_0848,PPG400:40+PPG700:60,3,139.425,40,60,0,0,0.582332672
WO_INV_0849,PPG400:50+PPG700:50,1.5,73.734375,50,50,0,0,0.4244086698
WO_INV_0850,PPG400:50+PPG700:50,1.6,78.65,50,50,0,0,0.4402462916
WO_INV_0851,PPG400:50+PPG700:50,1.7,83.565625,50,50,0,0,0.4552356957
WO_INV_0852,PPG400:50+PPG700:50,1.8,88.48125,50,50,0,0,0.469443247
WO_INV_0853,PPG400:50+PPG700:50,1.9,93.396875,50,50,0,0,0.4829285633
WO_INV_0854,PPG400:50+PPG700:50,2,98.3125,50,50,0,0,0.4957453514
WO_INV_0855,PPG400:50+PPG700:50,2.1,103.228125,50,50,0,0,0.5079421217
WO_INV_0856,PPG400:50+PPG700:50,2.2,108.14375,50,50,0,0,0.5195628021
WO_INV_0857,PPG400:50+PPG700:50,2.3,113.059375,50,50,0,0,0.5306472668
WO_INV_0858,PPG400:50+PPG700:50,2.4,117.975,50,50,0,0,0.5412317926
WO_INV_0859,PPG400:50+PPG700:50,2.5,122.890625,50,50,0,0,0.5513494567
WO_INV_0860,PPG400:50+PPG700:50,2.6,127.80625,50,50,0,0,0.5610304809
WO_INV_0861,PPG400:50+PPG700:50,2.7,132.721875,50,50,0,0,0.5703025339
WO_INV_0862,PPG400:50+PPG700:50,2.8,137.6375,50,50,0,0,0.5791909947
WO_INV_0863,PPG400:50+PPG700:50,2.9,142.553125,50,50,0,0,0.5877191852
WO_INV_0864,PPG400:50+PPG700:50,3,147.46875,50,50,0,0,0.5959085743
WO_INV_0865,PPG400:60+PPG700:40,1.5,77.75625,60,40,0,0,0.4374318765
WO_INV_0866,PPG400:60+PPG700:40,1.6,82.94,60,40,0,0,0.4533726905
WO_INV_0867,PPG400:60+PPG700:40,1.7,88.12375,60,40,0,0,0.4684350062
WO_INV_0868,PPG400:60+PPG700:40,1.8,93.3075,60,40,0,0,0.4826894973
WO_INV_0869,PPG400:60+PPG700:40,1.9,98.49125,60,40,0,0,0.4961994546
WO_INV_0870,PPG400:60+PPG700:40,2,103.675,60,40,0,0,0.5090217258
WO_INV_0871,PPG400:60+PPG700:40,2.1,108.85875,60,40,0,0,0.5212075146
WO_INV_0872,PPG400:60+PPG700:40,2.2,114.0425,60,40,0,0,0.5328030648
WO_INV_0873,PPG400:60+PPG700:40,2.3,119.22625,60,40,0,0,0.543850246
WO_INV_0874,PPG400:60+PPG700:40,2.4,124.41,60,40,0,0,0.5543870594
WO_INV_0875,PPG400:60+PPG700:40,2.5,129.59375,60,40,0,0,0.564448074
WO_INV_0876,PPG400:60+PPG700:40,2.6,134.7775,60,40,0,0,0.574064806
WO_INV_0877,PPG400:60+PPG700:40,2.7,139.96125,60,40,0,0,0.5832660482
WO_INV_0878,PPG400:60+PPG700:40,2.8,145.145,60,40,0,0,0.5920781578
WO_INV_0879,PPG400:60+PPG700:40,2.9,150.32875,60,40,0,0,0.6005253092
WO_INV_0880,PPG400:60+PPG700:40,3,155.5125,60,40,0,0,0.6086297148
WO_INV_0881,PPG400:70+PPG700:30,1.5,81.778125,70,30,0,0,0.4498788014
WO_INV_0882,PPG400:70+PPG700:30,1.6,87.23,70,30,0,0,0.4658975592
WO_INV_0883,PPG400:70+PPG700:30,1.7,92.681875,70,30,0,0,0.4810098251
WO_INV_0884,PPG400:70+PPG700:30,1.8,98.13375,70,30,0,0,0.4952904288
WO_INV_0885,PPG400:70+PPG700:30,1.9,103.585625,70,30,0,0,0.5088061841
WO_INV_0886,PPG400:70+PPG700:30,2,109.0375,70,30,0,0,0.5216169348
WO_INV_0887,PPG400:70+PPG700:30,2.1,114.489375,70,30,0,0,0.53377644
WO_INV_0888,PPG400:70+PPG700:30,2.2,119.94125,70,30,0,0,0.5453331287
WO_INV_0889,PPG400:70+PPG700:30,2.3,125.393125,70,30,0,0,0.5563307443
WO_INV_0890,PPG400:70+PPG700:30,2.4,130.845,70,30,0,0,0.5668088977
WO_INV_0891,PPG400:70+PPG700:30,2.5,136.296875,70,30,0,0,0.5768035443
WO_INV_0892,PPG400:70+PPG700:30,2.6,141.74875,70,30,0,0,0.5863473958
WO_INV_0893,PPG400:70+PPG700:30,2.7,147.200625,70,30,0,0,0.5954702784
WO_INV_0894,PPG400:70+PPG700:30,2.8,152.6525,70,30,0,0,0.6041994439
WO_INV_0895,PPG400:70+PPG700:30,2.9,158.104375,70,30,0,0,0.6125598413
WO_INV_0896,PPG400:70+PPG700:30,3,163.55625,70,30,0,0,0.6205743556
WO_INV_0897,PPG400:80+PPG700:20,1.5,85.8,80,20,0,0,0.4617868676
WO_INV_0898,PPG400:80+PPG700:20,1.6,91.52,80,20,0,0,0.47786132
WO_INV_0899,PPG400:80+PPG700:20,1.7,97.24,80,20,0,0,0.4930034476
WO_INV_0900,PPG400:80+PPG700:20,1.8,102.96,80,20,0,0,0.5072920773
WO_INV_0901,PPG400:80+PPG700:20,1.9,108.68,80,20,0,0,0.5207973931
WO_INV_0902,PPG400:80+PPG700:20,2,114.4,80,20,0,0,0.5335820896
WO_INV_0903,PPG400:80+PPG700:20,2.1,120.12,80,20,0,0,0.5457023442
WO_INV_0904,PPG400:80+PPG700:20,2.2,125.84,80,20,0,0,0.5572086433
WO_INV_0905,PPG400:80+PPG700:20,2.3,131.56,80,20,0,0,0.5681464847
WO_INV_0906,PPG400:80+PPG700:20,2.4,137.28,80,20,0,0,0.5785569791
WO_INV_0907,PPG400:80+PPG700:20,2.5,143,80,20,0,0,0.5884773663
WO_INV_0908,PPG400:80+PPG700:20,2.6,148.72,80,20,0,0,0.5979414603
WO_INV_0909,PPG400:80+PPG700:20,2.7,154.44,80,20,0,0,0.6069800346
WO_INV_0910,PPG400:80+PPG700:20,2.8,160.16,80,20,0,0,0.6156211562
WO_INV_0911,PPG400:80+PPG700:20,2.9,165.88,80,20,0,0,0.6238904769
WO_INV_0912,PPG400:80+PPG700:20,3,171.6,80,20,0,0,0.6318114875
WO_INV_0913,PPG400:90+PPG700:10,1.5,89.821875,90,10,0,0,0.4731903265
WO_INV_0914,PPG400:90+PPG700:10,1.6,95.81,90,10,0,0,0.4893008529
WO_INV_0915,PPG400:90+PPG700:10,1.7,101.798125,90,10,0,0,0.504455257
WO_INV_0916,PPG400:90+PPG700:10,1.8,107.78625,90,10,0,0,0.5187362013
WO_INV_0917,PPG400:90+PPG700:10,1.9,113.774375,90,10,0,0,0.5322170864
WO_INV_0918,PPG400:90+PPG700:10,2,119.7625,90,10,0,0,0.5449633127
WO_INV_0919,PPG400:90+PPG700:10,2.1,125.750625,90,10,0,0,0.5570333415
WO_INV_0920,PPG400:90+PPG700:10,2.2,131.73875,90,10,0,0,0.5684795918
WO_INV_0921,PPG400:90+PPG700:10,2.3,137.726875,90,10,0,0,0.5793492006
WO_INV_0922,PPG400:90+PPG700:10,2.4,143.715,90,10,0,0,0.5896846727
WO_INV_0923,PPG400:90+PPG700:10,2.5,149.703125,90,10,0,0,0.5995244353
WO_INV_0924,PPG400:90+PPG700:10,2.6,155.69125,90,10,0,0,0.608903316
WO_INV_0925,PPG400:90+PPG700:10,2.7,161.679375,90,10,0,0,0.6178529546
WO_INV_0926,PPG400:90+PPG700:10,2.8,167.6675,90,10,0,0,0.6264021594
WO_INV_0927,PPG400:90+PPG700:10,2.9,173.655625,90,10,0,0,0.6345772173
WO_INV_0928,PPG400:90+PPG700:10,3,179.64375,90,10,0,0,0.6424021635
